{"stats":{"minecraft:crafted":{"minecraft:oak_planks":356,"simplyswords:diamond_greathammer":1,"minecraft:iron_nugget":9,"comforts:sleeping_bag_white":1,"minecraft:cooked_chicken":2,"minecraft:furnace":1,"minecraft:cooked_mutton":9,"minecraft:iron_boots":2,"minecraft:stone_pickaxe":1,"minecraft:chest":2,"minecraft:wheat":108,"minecraft:diamond_sword":2,"minecraft:cooked_porkchop":4,"minecraft:crafting_table":8,"minecraft:iron_helmet":2,"minecraft:oak_wood":3,"minecraft:stone_axe":1,"minecraft:bread":36,"minecraft:iron_chestplate":2,"minecraft:diamond_pickaxe":2,"minecraft:stick":104,"minecraft:iron_ingot":83,"minecraft:iron_pickaxe":2,"minecraft:wooden_axe":1,"minecraft:stone_sword":1,"minecraft:iron_leggings":2,"minecraft:acacia_planks":8,"minecraft:torch":208},"minecraft:custom":{"minecraft:mob_kills":77,"minecraft:interact_with_crafting_table":32,"minecraft:open_barrel":9,"minecraft:eat_cake_slice":1,"minecraft:leave_game":4,"minecraft:time_since_death":271150,"minecraft:climb_one_cm":1927,"minecraft:sprint_one_cm":454168,"minecraft:walk_one_cm":529418,"minecraft:drop":30,"minecraft:play_time":281873,"minecraft:deaths":2,"minecraft:sneak_time":9073,"minecraft:walk_under_water_one_cm":3123,"minecraft:jump":3263,"minecraft:interact_with_blast_furnace":11,"minecraft:walk_on_water_one_cm":8177,"minecraft:total_world_time":281873,"minecraft:interact_with_furnace":13,"minecraft:sleep_in_bed":2,"minecraft:time_since_rest":7357,"minecraft:damage_taken":2445,"minecraft:damage_dealt":9399,"the_bumblezone:honey_bee_leggings_flower_pollen":1,"minecraft:fly_one_cm":642399,"minecraft:swim_one_cm":13876,"minecraft:open_chest":38,"minecraft:crouch_one_cm":25014,"minecraft:fall_one_cm":82851},"minecraft:picked_up":{"minecraft:wooden_axe":1,"minecraft:crafting_table":2,"minecraft:azure_bluet":1,"minecraft:chicken":3,"minecraft:packed_ice":16,"minecraft:brick":2,"minecraft:amethyst_block":58,"minecraft:string":6,"minecraft:blackstone":516,"minecraft:cobbled_deepslate":85,"comforts:sleeping_bag_white":1,"minecraft:beef":31,"minecraft:calcite":5,"the_bumblezone:honey_bee_leggings_1":1,"minecraft:birch_sapling":1,"minecraft:phantom_membrane":1,"minecraft:egg":7,"minecraft:stick":22,"minecraft:raw_iron":80,"minecraft:torch":2,"minecraft:porkchop":33,"minecraft:redstone":100,"minecraft:arrow":5,"minecraft:rotten_flesh":7,"minecraft:peony":1,"minecraft:hay_block":12,"minecraft:mutton":39,"minecraft:white_wool":26,"minecraft:cobblestone":96,"minecraft:magma_block":4,"minecraft:glow_ink_sac":6,"minecraft:andesite":60,"minecraft:leather":11,"minecraft:brown_wool":1,"minecraft:acacia_wood":2,"minecraft:tuff":40,"minecraft:oak_log":110,"minecraft:lapis_lazuli":27,"minecraft:dirt":20,"minecraft:cooked_mutton":3,"minecraft:bone":6,"minecraft:wheat_seeds":204,"minecraft:iron_ingot":22,"minecraft:cooked_chicken":1,"minecraft:glass_bottle":1,"minecraft:oak_planks":94,"minecraft:smooth_basalt":6,"minecraft:black_candle":2,"minecraft:sheep_spawn_egg":1,"minecraft:cooked_porkchop":3,"minecraft:raw_iron_block":2,"minecraft:gravel":2,"minecraft:amethyst_shard":16,"minecraft:blast_furnace":2,"minecraft:spider_eye":2,"minecraft:diamond":107,"the_bumblezone:pollen_puff":1,"minecraft:gray_wool":3,"minecraft:oak_sapling":2,"minecraft:black_wool":2,"minecraft:coal":95},"minecraft:mined":{"minecraft:large_amethyst_bud":1,"minecraft:diamond_ore":5,"minecraft:tuff":40,"minecraft:deepslate_diamond_ore":112,"minecraft:red_stained_glass":3,"minecraft:glow_lichen":1,"minecraft:budding_amethyst":2,"minecraft:grass_block":1,"minecraft:decorated_pot":1,"minecraft:spawner":1,"minecraft:hay_block":12,"minecraft:magma_block":22,"minecraft:raw_iron_block":2,"minecraft:iron_ore":12,"minecraft:fire":8,"minecraft:acacia_wood":2,"minecraft:andesite":60,"minecraft:deepslate_lapis_ore":4,"minecraft:peony":1,"minecraft:deepslate_iron_ore":68,"minecraft:small_amethyst_bud":3,"minecraft:packed_ice":18,"minecraft:stone":86,"minecraft:white_wool":2,"minecraft:cake":1,"minecraft:deepslate_redstone_ore":23,"minecraft:blackstone":661,"minecraft:medium_amethyst_bud":2,"minecraft:amethyst_cluster":4,"minecraft:crafting_table":2,"the_bumblezone:pile_of_pollen":1,"minecraft:blast_furnace":2,"minecraft:calcite":5,"minecraft:tall_grass":33,"minecraft:oak_planks":1,"minecraft:wall_torch":2,"minecraft:amethyst_block":58,"minecraft:bee_nest":1,"minecraft:grass":44,"minecraft:oak_log":112,"minecraft:coal_ore":96,"minecraft:gravel":4,"minecraft:dirt":17,"minecraft:cobweb":1,"minecraft:smooth_basalt":6,"minecraft:oak_leaves":25,"minecraft:deepslate":91},"minecraft:dropped":{"minecraft:wheat_seeds":115,"minecraft:glow_ink_sac":6,"minecraft:glass_bottle":1,"minecraft:diamond":33,"minecraft:cooked_porkchop":4,"minecraft:iron_helmet":1,"minecraft:dirt":2,"minecraft:torch":64,"minecraft:iron_leggings":1,"minecraft:glistering_melon_slice":3,"minecraft:blackstone":74,"minecraft:birch_sapling":1,"minecraft:rotten_flesh":4,"minecraft:oak_planks":200,"minecraft:iron_boots":1,"minecraft:diamond_sword":1,"minecraft:iron_chestplate":1,"minecraft:oak_sapling":2},"minecraft:used":{"minecraft:peony":1,"minecraft:stone_sword":76,"minecraft:chest":2,"minecraft:cooked_chicken":3,"minecraft:rotten_flesh":3,"minecraft:iron_chestplate":1,"minecraft:torch":21,"minecraft:tuff":2,"minecraft:milk_bucket":1,"minecraft:wooden_axe":76,"minecraft:iron_helmet":1,"simplyswords:diamond_greathammer":2,"minecraft:iron_boots":1,"minecraft:smooth_basalt":6,"minecraft:golden_carrot":2,"minecraft:magma_block":4,"minecraft:oak_sapling":1,"minecraft:furnace":1,"comforts:sleeping_bag_white":1,"minecraft:egg":7,"minecraft:cobbled_deepslate":33,"minecraft:iron_leggings":1,"minecraft:cooked_mutton":3,"minecraft:water_bucket":8,"the_bumblezone:honey_bee_leggings_1":1,"minecraft:stone_pickaxe":131,"minecraft:oak_planks":26,"minecraft:blackstone":151,"minecraft:white_wool":9,"the_bumblezone:pollen_puff":1,"minecraft:crafting_table":10,"minecraft:blast_furnace":2,"minecraft:cake":1,"minecraft:oak_log":18,"minecraft:diamond_pickaxe":1901,"minecraft:bread":32,"minecraft:iron_pickaxe":756,"minecraft:gravel":2,"minecraft:stone_axe":133,"minecraft:diamond_sword":302,"minecraft:cobblestone":11,"minecraft:cooked_porkchop":3,"minecraft:bucket":9,"minecraft:pumpkin_pie":2,"minecraft:black_candle":1,"minecraft:golden_pickaxe":32,"minecraft:gray_wool":3},"minecraft:killed":{"minecraft:witch":1,"minecraft:spider":4,"minecraft:phantom":1,"minecraft:skeleton":6,"minecraft:pig":15,"minecraft:creeper":1,"minecraft:sheep":26,"minecraft:zombie":7,"minecraft:cow":15},"minecraft:killed_by":{"minecraft:enderman":1,"minecraft:zombie":1},"minecraft:broken":{"minecraft:stone_pickaxe":1,"minecraft:diamond_pickaxe":1,"minecraft:stone_axe":1,"minecraft:iron_pickaxe":3,"minecraft:golden_pickaxe":1,"minecraft:wooden_axe":2}},"DataVersion":3465}