{"stats":{"minecraft:dropped":{"minecraft:cooked_porkchop":4,"minecraft:birch_sapling":1,"minecraft:oak_sapling":1},"minecraft:picked_up":{"minecraft:wooden_axe":1,"minecraft:chicken":3,"minecraft:oak_log":110,"minecraft:string":3,"minecraft:cooked_mutton":3,"minecraft:bone":1,"minecraft:wheat_seeds":1,"minecraft:beef":3,"minecraft:cooked_chicken":1,"the_bumblezone:honey_bee_leggings_1":1,"minecraft:birch_sapling":1,"minecraft:oak_planks":1,"minecraft:egg":3,"minecraft:stick":1,"minecraft:raw_iron":1,"minecraft:black_candle":2,"minecraft:cooked_porkchop":3,"minecraft:spider_eye":2,"minecraft:rotten_flesh":3,"minecraft:peony":1,"minecraft:hay_block":12,"the_bumblezone:pollen_puff":1,"minecraft:oak_sapling":2,"minecraft:coal":52,"minecraft:cobblestone":13},"minecraft:broken":{"minecraft:stone_axe":1,"minecraft:wooden_axe":2},"minecraft:mined":{"minecraft:red_stained_glass":3,"the_bumblezone:pile_of_pollen":1,"minecraft:tall_grass":3,"minecraft:oak_planks":1,"minecraft:hay_block":12,"minecraft:iron_ore":1,"minecraft:peony":1,"minecraft:grass":4,"minecraft:coal_ore":53,"minecraft:oak_log":112,"minecraft:stone":3,"minecraft:cake":1,"minecraft:oak_leaves":25},"minecraft:crafted":{"minecraft:oak_planks":356,"minecraft:cooked_porkchop":4,"minecraft:crafting_table":1,"minecraft:cooked_chicken":2,"minecraft:oak_wood":3,"minecraft:stone_axe":1,"minecraft:bread":36,"minecraft:stick":8,"minecraft:iron_ingot":3,"minecraft:stone_pickaxe":1,"minecraft:wooden_axe":1,"minecraft:stone_sword":1,"minecraft:chest":1,"minecraft:wheat":108},"minecraft:killed_by":{"minecraft:zombie":1,"minecraft:enderman":1},"minecraft:custom":{"minecraft:interact_with_furnace":5,"minecraft:mob_kills":6,"minecraft:interact_with_crafting_table":5,"minecraft:open_barrel":2,"minecraft:eat_cake_slice":1,"minecraft:leave_game":1,"minecraft:time_since_death":49339,"minecraft:sleep_in_bed":1,"minecraft:climb_one_cm":1226,"minecraft:time_since_rest":16601,"minecraft:sprint_one_cm":151232,"minecraft:damage_taken":1074,"minecraft:walk_one_cm":142579,"minecraft:drop":3,"minecraft:damage_dealt":951,"the_bumblezone:honey_bee_leggings_flower_pollen":1,"minecraft:swim_one_cm":9791,"minecraft:fly_one_cm":171473,"minecraft:open_chest":10,"minecraft:crouch_one_cm":2394,"minecraft:play_time":60062,"minecraft:deaths":2,"minecraft:sneak_time":1376,"minecraft:walk_under_water_one_cm":996,"minecraft:jump":828,"minecraft:interact_with_blast_furnace":2,"minecraft:walk_on_water_one_cm":2813,"minecraft:total_world_time":60062,"minecraft:fall_one_cm":27881},"minecraft:killed":{"minecraft:spider":3,"minecraft:zombie":2,"minecraft:cow":1},"minecraft:used":{"minecraft:peony":1,"minecraft:cooked_mutton":3,"minecraft:stone_sword":22,"the_bumblezone:honey_bee_leggings_1":1,"minecraft:stone_pickaxe":114,"minecraft:oak_planks":4,"minecraft:chest":1,"minecraft:cooked_chicken":3,"minecraft:rotten_flesh":3,"the_bumblezone:pollen_puff":1,"minecraft:crafting_table":1,"minecraft:milk_bucket":1,"minecraft:oak_log":18,"minecraft:wooden_axe":76,"minecraft:stone_axe":133,"minecraft:oak_sapling":1,"minecraft:cooked_porkchop":2,"minecraft:bucket":1,"minecraft:black_candle":1,"minecraft:egg":3}},"DataVersion":3465}