{"stats":{"minecraft:dropped":{"minecraft:blackstone":74,"minecraft:glow_ink_sac":6,"minecraft:cooked_porkchop":4,"minecraft:birch_sapling":1,"minecraft:rotten_flesh":4,"minecraft:oak_planks":200,"minecraft:dirt":2,"minecraft:torch":64,"minecraft:oak_sapling":1},"minecraft:picked_up":{"minecraft:wooden_axe":1,"minecraft:magma_block":4,"minecraft:crafting_table":2,"minecraft:chicken":3,"minecraft:glow_ink_sac":6,"minecraft:andesite":60,"minecraft:tuff":40,"minecraft:oak_log":110,"minecraft:amethyst_block":58,"minecraft:dirt":20,"minecraft:lapis_lazuli":27,"minecraft:string":3,"minecraft:cooked_mutton":3,"minecraft:bone":2,"minecraft:blackstone":516,"minecraft:wheat_seeds":1,"minecraft:cobbled_deepslate":85,"minecraft:beef":3,"minecraft:cooked_chicken":1,"minecraft:calcite":5,"the_bumblezone:honey_bee_leggings_1":1,"minecraft:birch_sapling":1,"minecraft:oak_planks":94,"minecraft:egg":3,"minecraft:stick":1,"minecraft:raw_iron":80,"minecraft:smooth_basalt":6,"minecraft:black_candle":2,"minecraft:cooked_porkchop":3,"minecraft:torch":1,"minecraft:raw_iron_block":2,"minecraft:gravel":2,"minecraft:amethyst_shard":16,"minecraft:blast_furnace":2,"minecraft:redstone":100,"minecraft:spider_eye":2,"minecraft:rotten_flesh":7,"minecraft:diamond":107,"minecraft:peony":1,"minecraft:hay_block":12,"the_bumblezone:pollen_puff":1,"minecraft:oak_sapling":2,"minecraft:coal":95,"minecraft:cobblestone":96},"minecraft:crafted":{"minecraft:oak_planks":356,"minecraft:cooked_porkchop":4,"minecraft:crafting_table":7,"minecraft:cooked_chicken":2,"minecraft:furnace":1,"minecraft:oak_wood":3,"minecraft:stone_axe":1,"minecraft:bread":36,"minecraft:diamond_pickaxe":2,"minecraft:stick":104,"minecraft:iron_ingot":19,"minecraft:iron_pickaxe":2,"minecraft:stone_pickaxe":1,"minecraft:wooden_axe":1,"minecraft:stone_sword":1,"minecraft:chest":2,"minecraft:torch":208,"minecraft:wheat":108},"minecraft:mined":{"minecraft:diamond_ore":5,"minecraft:deepslate_redstone_ore":23,"minecraft:large_amethyst_bud":1,"minecraft:tuff":40,"minecraft:blackstone":661,"minecraft:deepslate_diamond_ore":112,"minecraft:red_stained_glass":3,"minecraft:medium_amethyst_bud":2,"minecraft:amethyst_cluster":4,"the_bumblezone:pile_of_pollen":1,"minecraft:crafting_table":2,"minecraft:glow_lichen":1,"minecraft:budding_amethyst":2,"minecraft:blast_furnace":2,"minecraft:grass_block":1,"minecraft:calcite":5,"minecraft:tall_grass":3,"minecraft:oak_planks":1,"minecraft:wall_torch":2,"minecraft:amethyst_block":58,"minecraft:raw_iron_block":2,"minecraft:hay_block":12,"minecraft:magma_block":22,"minecraft:iron_ore":12,"minecraft:fire":8,"minecraft:andesite":60,"minecraft:deepslate_lapis_ore":4,"minecraft:peony":1,"minecraft:grass":4,"minecraft:coal_ore":96,"minecraft:oak_log":112,"minecraft:deepslate_iron_ore":68,"minecraft:small_amethyst_bud":3,"minecraft:gravel":4,"minecraft:dirt":17,"minecraft:smooth_basalt":6,"minecraft:stone":86,"minecraft:cake":1,"minecraft:oak_leaves":25,"minecraft:deepslate":91},"minecraft:broken":{"minecraft:stone_pickaxe":1,"minecraft:diamond_pickaxe":1,"minecraft:stone_axe":1,"minecraft:iron_pickaxe":3,"minecraft:wooden_axe":2},"minecraft:killed_by":{"minecraft:zombie":1,"minecraft:enderman":1},"minecraft:custom":{"minecraft:interact_with_furnace":10,"minecraft:mob_kills":13,"minecraft:interact_with_crafting_table":15,"minecraft:open_barrel":2,"minecraft:eat_cake_slice":1,"minecraft:leave_game":2,"minecraft:time_since_death":124999,"minecraft:sleep_in_bed":1,"minecraft:climb_one_cm":1226,"minecraft:time_since_rest":92261,"minecraft:sprint_one_cm":208032,"minecraft:damage_taken":1784,"minecraft:walk_one_cm":313122,"minecraft:drop":17,"minecraft:damage_dealt":2349,"the_bumblezone:honey_bee_leggings_flower_pollen":1,"minecraft:swim_one_cm":9791,"minecraft:fly_one_cm":244381,"minecraft:open_chest":11,"minecraft:crouch_one_cm":16555,"minecraft:play_time":135722,"minecraft:deaths":2,"minecraft:sneak_time":6968,"minecraft:walk_under_water_one_cm":2268,"minecraft:jump":1587,"minecraft:interact_with_blast_furnace":7,"minecraft:walk_on_water_one_cm":6100,"minecraft:total_world_time":135722,"minecraft:fall_one_cm":42674},"minecraft:killed":{"minecraft:spider":3,"minecraft:creeper":1,"minecraft:skeleton":1,"minecraft:zombie":6,"minecraft:cow":1},"minecraft:used":{"minecraft:cooked_mutton":3,"minecraft:peony":1,"minecraft:water_bucket":5,"minecraft:stone_sword":76,"the_bumblezone:honey_bee_leggings_1":1,"minecraft:oak_planks":26,"minecraft:stone_pickaxe":131,"minecraft:blackstone":151,"minecraft:chest":2,"minecraft:cooked_chicken":3,"minecraft:rotten_flesh":3,"minecraft:torch":20,"the_bumblezone:pollen_puff":1,"minecraft:crafting_table":9,"minecraft:blast_furnace":2,"minecraft:tuff":2,"minecraft:milk_bucket":1,"minecraft:oak_log":18,"minecraft:wooden_axe":76,"minecraft:diamond_pickaxe":1895,"minecraft:bread":15,"minecraft:iron_pickaxe":756,"minecraft:gravel":2,"minecraft:smooth_basalt":6,"minecraft:stone_axe":133,"minecraft:magma_block":4,"minecraft:cobblestone":11,"minecraft:furnace":1,"minecraft:oak_sapling":1,"minecraft:cooked_porkchop":3,"minecraft:bucket":6,"minecraft:black_candle":1,"minecraft:egg":3,"minecraft:cobbled_deepslate":33}},"DataVersion":3465}