{"stats":{"minecraft:mined":{"minecraft:grass":1,"minecraft:oak_leaves":5},"minecraft:killed_by":{"minecraft:zombie":1,"minecraft:enderman":1},"minecraft:used":{"minecraft:rotten_flesh":3,"minecraft:wooden_axe":17,"the_bumblezone:honey_bee_leggings_1":1,"minecraft:egg":3,"minecraft:cooked_mutton":1},"minecraft:picked_up":{"minecraft:wooden_axe":1,"minecraft:cooked_mutton":3,"minecraft:stick":1,"minecraft:rotten_flesh":3,"minecraft:wheat_seeds":1,"the_bumblezone:honey_bee_leggings_1":1,"minecraft:spider_eye":1,"minecraft:string":3,"minecraft:egg":3},"minecraft:killed":{"minecraft:spider":2,"minecraft:zombie":2},"minecraft:broken":{"minecraft:wooden_axe":1},"minecraft:custom":{"minecraft:time_since_rest":2448,"minecraft:crouch_one_cm":160,"minecraft:play_time":13140,"minecraft:sprint_one_cm":40065,"minecraft:walk_one_cm":32491,"minecraft:damage_taken":658,"minecraft:deaths":2,"minecraft:sneak_time":118,"minecraft:walk_under_water_one_cm":202,"minecraft:mob_kills":4,"minecraft:jump":219,"minecraft:damage_dealt":674,"the_bumblezone:honey_bee_leggings_flower_pollen":1,"minecraft:time_since_death":2417,"minecraft:walk_on_water_one_cm":770,"minecraft:total_world_time":13140,"minecraft:swim_one_cm":2073,"minecraft:fall_one_cm":8586,"minecraft:fly_one_cm":46912}},"DataVersion":3465}