{"stats":{"minecraft:dropped":{"minecraft:cooked_porkchop":4},"minecraft:mined":{"minecraft:peony":1,"minecraft:grass":1,"minecraft:oak_log":57,"minecraft:oak_leaves":7},"minecraft:crafted":{"minecraft:oak_planks":96,"minecraft:cooked_porkchop":4,"minecraft:crafting_table":1,"minecraft:stick":8,"minecraft:stone_pickaxe":1,"minecraft:wooden_axe":1,"minecraft:stone_sword":1,"minecraft:oak_wood":3,"minecraft:stone_axe":1},"minecraft:killed_by":{"minecraft:zombie":1,"minecraft:enderman":1},"minecraft:used":{"minecraft:oak_log":3,"minecraft:peony":1,"minecraft:cooked_mutton":1,"minecraft:wooden_axe":76,"minecraft:stone_sword":1,"the_bumblezone:honey_bee_leggings_1":1,"minecraft:rotten_flesh":3,"minecraft:stone_axe":6,"minecraft:crafting_table":1,"minecraft:oak_sapling":1,"minecraft:egg":3},"minecraft:picked_up":{"minecraft:wooden_axe":1,"minecraft:stick":1,"minecraft:oak_log":55,"minecraft:spider_eye":1,"minecraft:string":3,"minecraft:cooked_mutton":3,"minecraft:rotten_flesh":3,"minecraft:peony":1,"minecraft:wheat_seeds":1,"minecraft:beef":3,"the_bumblezone:pollen_puff":1,"minecraft:oak_sapling":1,"the_bumblezone:honey_bee_leggings_1":1,"minecraft:birch_sapling":1,"minecraft:cobblestone":10,"minecraft:egg":3},"minecraft:killed":{"minecraft:zombie":2,"minecraft:spider":2,"minecraft:cow":1},"minecraft:broken":{"minecraft:wooden_axe":2},"minecraft:custom":{"minecraft:time_since_rest":14448,"minecraft:interact_with_furnace":2,"minecraft:sprint_one_cm":51143,"minecraft:damage_taken":678,"minecraft:walk_one_cm":52350,"minecraft:mob_kills":5,"minecraft:drop":1,"minecraft:damage_dealt":825,"the_bumblezone:honey_bee_leggings_flower_pollen":1,"minecraft:swim_one_cm":2073,"minecraft:interact_with_crafting_table":2,"minecraft:fly_one_cm":50098,"minecraft:crouch_one_cm":197,"minecraft:play_time":25140,"minecraft:deaths":2,"minecraft:sneak_time":145,"minecraft:walk_under_water_one_cm":202,"minecraft:jump":253,"minecraft:walk_on_water_one_cm":770,"minecraft:time_since_death":14417,"minecraft:total_world_time":25140,"minecraft:fall_one_cm":9674}},"DataVersion":3465}