{"stats":{"minecraft:crafted":{"minecraft:oak_planks":356,"simplyswords:diamond_greathammer":1,"minecraft:iron_nugget":9,"minecraft:cooked_chicken":2,"minecraft:furnace":1,"minecraft:iron_boots":2,"minecraft:stone_pickaxe":1,"minecraft:chest":2,"minecraft:wheat":108,"minecraft:diamond_sword":2,"minecraft:cooked_porkchop":4,"minecraft:crafting_table":7,"minecraft:iron_helmet":2,"minecraft:oak_wood":3,"minecraft:stone_axe":1,"minecraft:bread":36,"minecraft:iron_chestplate":2,"minecraft:diamond_pickaxe":2,"minecraft:stick":104,"minecraft:iron_ingot":83,"minecraft:iron_pickaxe":2,"minecraft:wooden_axe":1,"minecraft:stone_sword":1,"minecraft:iron_leggings":2,"minecraft:torch":208},"minecraft:custom":{"minecraft:mob_kills":60,"minecraft:interact_with_crafting_table":30,"minecraft:open_barrel":2,"minecraft:eat_cake_slice":1,"minecraft:leave_game":4,"minecraft:time_since_death":235150,"minecraft:climb_one_cm":1226,"minecraft:sprint_one_cm":321480,"minecraft:walk_one_cm":397441,"minecraft:drop":23,"minecraft:play_time":245873,"minecraft:deaths":2,"minecraft:sneak_time":7113,"minecraft:walk_under_water_one_cm":2268,"minecraft:jump":2336,"minecraft:interact_with_blast_furnace":9,"minecraft:walk_on_water_one_cm":6105,"minecraft:total_world_time":245873,"minecraft:interact_with_furnace":11,"minecraft:sleep_in_bed":1,"minecraft:time_since_rest":202412,"minecraft:damage_taken":1896,"minecraft:damage_dealt":7020,"the_bumblezone:honey_bee_leggings_flower_pollen":1,"minecraft:fly_one_cm":447714,"minecraft:swim_one_cm":9791,"minecraft:open_chest":22,"minecraft:crouch_one_cm":16572,"minecraft:fall_one_cm":65277},"minecraft:picked_up":{"minecraft:wooden_axe":1,"minecraft:crafting_table":2,"minecraft:chicken":3,"minecraft:brick":2,"minecraft:amethyst_block":58,"minecraft:string":3,"minecraft:blackstone":516,"minecraft:cobbled_deepslate":85,"minecraft:beef":20,"minecraft:calcite":5,"the_bumblezone:honey_bee_leggings_1":1,"minecraft:birch_sapling":1,"minecraft:phantom_membrane":1,"minecraft:egg":5,"minecraft:stick":1,"minecraft:raw_iron":80,"minecraft:torch":1,"minecraft:porkchop":33,"minecraft:redstone":100,"minecraft:rotten_flesh":7,"minecraft:peony":1,"minecraft:hay_block":12,"minecraft:mutton":28,"minecraft:white_wool":16,"minecraft:cobblestone":96,"minecraft:magma_block":4,"minecraft:glow_ink_sac":6,"minecraft:andesite":60,"minecraft:leather":4,"minecraft:brown_wool":1,"minecraft:tuff":40,"minecraft:oak_log":110,"minecraft:lapis_lazuli":27,"minecraft:dirt":20,"minecraft:cooked_mutton":3,"minecraft:bone":2,"minecraft:wheat_seeds":28,"minecraft:cooked_chicken":1,"minecraft:oak_planks":94,"minecraft:smooth_basalt":6,"minecraft:black_candle":2,"minecraft:sheep_spawn_egg":1,"minecraft:cooked_porkchop":3,"minecraft:raw_iron_block":2,"minecraft:gravel":2,"minecraft:amethyst_shard":16,"minecraft:blast_furnace":2,"minecraft:spider_eye":2,"minecraft:diamond":107,"the_bumblezone:pollen_puff":1,"minecraft:gray_wool":3,"minecraft:oak_sapling":2,"minecraft:black_wool":2,"minecraft:coal":95},"minecraft:mined":{"minecraft:large_amethyst_bud":1,"minecraft:diamond_ore":5,"minecraft:tuff":40,"minecraft:deepslate_diamond_ore":112,"minecraft:red_stained_glass":3,"minecraft:glow_lichen":1,"minecraft:budding_amethyst":2,"minecraft:grass_block":1,"minecraft:decorated_pot":1,"minecraft:hay_block":12,"minecraft:magma_block":22,"minecraft:raw_iron_block":2,"minecraft:iron_ore":12,"minecraft:fire":8,"minecraft:andesite":60,"minecraft:deepslate_lapis_ore":4,"minecraft:peony":1,"minecraft:deepslate_iron_ore":68,"minecraft:small_amethyst_bud":3,"minecraft:stone":86,"minecraft:white_wool":2,"minecraft:cake":1,"minecraft:deepslate_redstone_ore":23,"minecraft:blackstone":661,"minecraft:medium_amethyst_bud":2,"minecraft:amethyst_cluster":4,"minecraft:crafting_table":2,"the_bumblezone:pile_of_pollen":1,"minecraft:blast_furnace":2,"minecraft:calcite":5,"minecraft:tall_grass":25,"minecraft:oak_planks":1,"minecraft:wall_torch":2,"minecraft:amethyst_block":58,"minecraft:bee_nest":1,"minecraft:grass":34,"minecraft:oak_log":112,"minecraft:coal_ore":96,"minecraft:gravel":4,"minecraft:dirt":17,"minecraft:smooth_basalt":6,"minecraft:oak_leaves":25,"minecraft:deepslate":91},"minecraft:dropped":{"minecraft:glow_ink_sac":6,"minecraft:diamond":33,"minecraft:cooked_porkchop":4,"minecraft:iron_helmet":1,"minecraft:dirt":2,"minecraft:torch":64,"minecraft:iron_leggings":1,"minecraft:blackstone":74,"minecraft:birch_sapling":1,"minecraft:rotten_flesh":4,"minecraft:oak_planks":200,"minecraft:iron_boots":1,"minecraft:diamond_sword":1,"minecraft:iron_chestplate":1,"minecraft:oak_sapling":1},"minecraft:used":{"minecraft:peony":1,"minecraft:stone_sword":76,"minecraft:chest":2,"minecraft:cooked_chicken":3,"minecraft:rotten_flesh":3,"minecraft:iron_chestplate":1,"minecraft:torch":20,"minecraft:tuff":2,"minecraft:milk_bucket":1,"minecraft:wooden_axe":76,"minecraft:iron_helmet":1,"minecraft:iron_boots":1,"minecraft:smooth_basalt":6,"minecraft:magma_block":4,"minecraft:oak_sapling":1,"minecraft:furnace":1,"minecraft:egg":4,"minecraft:cobbled_deepslate":33,"minecraft:iron_leggings":1,"minecraft:cooked_mutton":3,"minecraft:water_bucket":5,"the_bumblezone:honey_bee_leggings_1":1,"minecraft:stone_pickaxe":131,"minecraft:oak_planks":26,"minecraft:blackstone":151,"minecraft:white_wool":9,"the_bumblezone:pollen_puff":1,"minecraft:crafting_table":9,"minecraft:blast_furnace":2,"minecraft:oak_log":18,"minecraft:diamond_pickaxe":1897,"minecraft:bread":21,"minecraft:iron_pickaxe":756,"minecraft:gravel":2,"minecraft:stone_axe":133,"minecraft:diamond_sword":192,"minecraft:cobblestone":11,"minecraft:cooked_porkchop":3,"minecraft:bucket":6,"minecraft:black_candle":1,"minecraft:gray_wool":3},"minecraft:killed":{"minecraft:spider":3,"minecraft:phantom":1,"minecraft:skeleton":2,"minecraft:pig":15,"minecraft:creeper":1,"minecraft:sheep":20,"minecraft:zombie":7,"minecraft:cow":10},"minecraft:killed_by":{"minecraft:enderman":1,"minecraft:zombie":1},"minecraft:broken":{"minecraft:stone_pickaxe":1,"minecraft:diamond_pickaxe":1,"minecraft:stone_axe":1,"minecraft:iron_pickaxe":3,"minecraft:wooden_axe":2}},"DataVersion":3465}