{"stats":{"minecraft:dropped":{"minecraft:cooked_porkchop":4,"minecraft:birch_sapling":1,"minecraft:rotten_flesh":4,"minecraft:oak_sapling":1},"minecraft:picked_up":{"minecraft:wooden_axe":1,"minecraft:magma_block":4,"minecraft:crafting_table":1,"minecraft:chicken":3,"minecraft:glow_ink_sac":2,"minecraft:tuff":40,"minecraft:oak_log":110,"minecraft:amethyst_block":58,"minecraft:lapis_lazuli":27,"minecraft:string":3,"minecraft:cooked_mutton":3,"minecraft:bone":2,"minecraft:blackstone":367,"minecraft:wheat_seeds":1,"minecraft:cobbled_deepslate":22,"minecraft:beef":3,"minecraft:cooked_chicken":1,"minecraft:calcite":5,"the_bumblezone:honey_bee_leggings_1":1,"minecraft:birch_sapling":1,"minecraft:oak_planks":1,"minecraft:egg":3,"minecraft:stick":1,"minecraft:raw_iron":67,"minecraft:smooth_basalt":6,"minecraft:black_candle":2,"minecraft:cooked_porkchop":3,"minecraft:raw_iron_block":2,"minecraft:gravel":2,"minecraft:amethyst_shard":16,"minecraft:redstone":100,"minecraft:spider_eye":2,"minecraft:rotten_flesh":7,"minecraft:diamond":67,"minecraft:peony":1,"minecraft:hay_block":12,"the_bumblezone:pollen_puff":1,"minecraft:oak_sapling":2,"minecraft:coal":72,"minecraft:cobblestone":48},"minecraft:crafted":{"minecraft:oak_planks":356,"minecraft:cooked_porkchop":4,"minecraft:crafting_table":5,"minecraft:cooked_chicken":2,"minecraft:furnace":1,"minecraft:oak_wood":3,"minecraft:stone_axe":1,"minecraft:bread":36,"minecraft:diamond_pickaxe":1,"minecraft:stick":104,"minecraft:iron_ingot":19,"minecraft:iron_pickaxe":2,"minecraft:stone_pickaxe":1,"minecraft:wooden_axe":1,"minecraft:stone_sword":1,"minecraft:chest":1,"minecraft:torch":208,"minecraft:wheat":108},"minecraft:mined":{"minecraft:deepslate_redstone_ore":23,"minecraft:large_amethyst_bud":1,"minecraft:tuff":40,"minecraft:blackstone":583,"minecraft:deepslate_diamond_ore":77,"minecraft:red_stained_glass":3,"minecraft:medium_amethyst_bud":2,"minecraft:amethyst_cluster":4,"the_bumblezone:pile_of_pollen":1,"minecraft:crafting_table":1,"minecraft:glow_lichen":1,"minecraft:budding_amethyst":2,"minecraft:calcite":5,"minecraft:tall_grass":3,"minecraft:oak_planks":1,"minecraft:amethyst_block":58,"minecraft:raw_iron_block":2,"minecraft:hay_block":12,"minecraft:magma_block":22,"minecraft:iron_ore":1,"minecraft:fire":8,"minecraft:deepslate_lapis_ore":4,"minecraft:peony":1,"minecraft:grass":4,"minecraft:coal_ore":73,"minecraft:oak_log":112,"minecraft:deepslate_iron_ore":66,"minecraft:small_amethyst_bud":3,"minecraft:gravel":2,"minecraft:smooth_basalt":6,"minecraft:stone":38,"minecraft:cake":1,"minecraft:oak_leaves":25,"minecraft:deepslate":28},"minecraft:broken":{"minecraft:stone_pickaxe":1,"minecraft:stone_axe":1,"minecraft:iron_pickaxe":3,"minecraft:wooden_axe":2},"minecraft:killed_by":{"minecraft:zombie":1,"minecraft:enderman":1},"minecraft:custom":{"minecraft:interact_with_furnace":10,"minecraft:mob_kills":13,"minecraft:interact_with_crafting_table":10,"minecraft:open_barrel":2,"minecraft:eat_cake_slice":1,"minecraft:leave_game":2,"minecraft:time_since_death":106999,"minecraft:sleep_in_bed":1,"minecraft:climb_one_cm":1226,"minecraft:time_since_rest":74261,"minecraft:sprint_one_cm":189730,"minecraft:damage_taken":1764,"minecraft:walk_one_cm":277683,"minecraft:drop":4,"minecraft:damage_dealt":2349,"the_bumblezone:honey_bee_leggings_flower_pollen":1,"minecraft:swim_one_cm":9791,"minecraft:fly_one_cm":208461,"minecraft:open_chest":10,"minecraft:crouch_one_cm":16019,"minecraft:play_time":117722,"minecraft:deaths":2,"minecraft:sneak_time":6864,"minecraft:walk_under_water_one_cm":2268,"minecraft:jump":1300,"minecraft:interact_with_blast_furnace":2,"minecraft:walk_on_water_one_cm":6100,"minecraft:total_world_time":117722,"minecraft:fall_one_cm":40108},"minecraft:killed":{"minecraft:spider":3,"minecraft:creeper":1,"minecraft:skeleton":1,"minecraft:zombie":6,"minecraft:cow":1},"minecraft:used":{"minecraft:cooked_mutton":3,"minecraft:peony":1,"minecraft:water_bucket":5,"minecraft:stone_sword":76,"the_bumblezone:honey_bee_leggings_1":1,"minecraft:oak_planks":26,"minecraft:stone_pickaxe":131,"minecraft:blackstone":52,"minecraft:chest":1,"minecraft:cooked_chicken":3,"minecraft:rotten_flesh":3,"minecraft:torch":11,"the_bumblezone:pollen_puff":1,"minecraft:crafting_table":6,"minecraft:tuff":2,"minecraft:milk_bucket":1,"minecraft:oak_log":18,"minecraft:wooden_axe":76,"minecraft:diamond_pickaxe":1200,"minecraft:bread":10,"minecraft:iron_pickaxe":756,"minecraft:gravel":2,"minecraft:smooth_basalt":6,"minecraft:stone_axe":133,"minecraft:magma_block":4,"minecraft:cobblestone":9,"minecraft:furnace":1,"minecraft:oak_sapling":1,"minecraft:cooked_porkchop":3,"minecraft:bucket":6,"minecraft:black_candle":1,"minecraft:egg":3,"minecraft:cobbled_deepslate":22}},"DataVersion":3465}