{"stats":{"minecraft:dropped":{"minecraft:bread":65,"minecraft:iron_sword":3,"minecraft:birch_planks":2,"minecraft:dark_oak_stairs":2,"minecraft:shelter_pottery_sherd":2,"minecraft:wheat_seeds":1,"minecraft:oak_log":11,"minecraft:ender_pearl":1,"minecraft:iron_helmet":2,"minecraft:oak_fence":2,"minecraft:feather":2,"minecraft:lantern":1,"minecraft:leather":2,"minecraft:tropical_fish":3,"minecraft:leather_helmet":1,"minecraft:red_mushroom":3,"minecraft:cod":7,"minecraft:stick":5,"minecraft:dirt":1,"minecraft:packed_mud":2,"naturalist:bass":1,"minecraft:cut_sandstone":24,"minecraft:stripped_dark_oak_wood":16,"minecraft:diamond_helmet":1,"minecraft:chain":1,"minecraft:gold_nugget":5,"minecraft:wooden_sword":1,"minecraft:smooth_sandstone_slab":4,"simplyswords:gold_chakram":1,"minecraft:sand":47,"minecraft:orange_bed":1,"minecraft:iron_shovel":1,"minecraft:dark_oak_planks":4,"minecraft:bucket":1,"minecraft:tripwire_hook":7,"minecraft:white_wool":4,"minecraft:acacia_planks":23,"minecraft:bone":11,"minecraft:cyan_carpet":3,"minecraft:gravel":26,"minecraft:oak_trapdoor":7,"minecraft:coarse_dirt":4,"minecraft:bowl":3,"minecraft:wheat":1,"minecraft:oak_planks":3,"minecraft:waxed_oxidized_cut_copper_slab":1,"minecraft:spruce_fence":1,"minecraft:salmon":1,"minecraft:carrot":4,"minecraft:sandstone_wall":4,"minecraft:gunpowder":45,"minecraft:spruce_planks":13,"minecraft:iron_chestplate":2,"minecraft:chest":4,"minecraft:chainmail_boots":1,"minecraft:oak_sapling":1,"minecraft:arms_up_pottery_sherd":2,"minecraft:barrel":5,"minecraft:spider_eye":2,"minecraft:diamond_boots":3,"minecraft:sandstone":200,"minecraft:arrow":8},"minecraft:mined":{"minecraft:dark_oak_planks":41,"minecraft:spruce_planks":27,"minecraft:white_bed":5,"minecraft:mossy_cobblestone":6,"minecraft:dark_oak_leaves":2,"minecraft:granite":1,"minecraft:dark_oak_fence":1,"minecraft:purple_terracotta":1,"minecraft:acacia_log":57,"minecraft:birch_slab":1,"minecraft:spruce_leaves":8,"minecraft:hay_block":66,"minecraft:waxed_oxidized_cut_copper_slab":1,"minecraft:iron_ore":10,"minecraft:fire":16,"minecraft:dark_oak_stairs":1,"minecraft:bookshelf":1,"minecraft:stone":1,"minecraft:white_wool":1,"minecraft:podzol":2,"minecraft:acacia_leaves":8,"minecraft:red_bed":5,"minecraft:oak_fence":2,"minecraft:crafting_table":6,"minecraft:melon":2,"minecraft:tall_grass":5,"minecraft:cobblestone":18,"minecraft:oak_planks":1,"minecraft:gray_wool":1,"minecraft:birch_planks":3,"minecraft:waxed_oxidized_cut_copper_stairs":1,"minecraft:tnt":21,"minecraft:mangrove_planks":8,"minecraft:grass":10,"minecraft:oak_log":68,"minecraft:coal_ore":37,"minecraft:gravel":1,"minecraft:dirt":1,"minecraft:acacia_planks":4,"minecraft:oak_leaves":10},"minecraft:killed_by":{"minecraft:pillager":4,"minecraft:vindicator":6,"minecraft:skeleton":1,"minecraft:zombie":1},"minecraft:killed":{"minecraft:vindicator":5,"minecraft:spider":6,"minecraft:skeleton":5,"friendsandfoes:mauler":1,"minecraft:chicken":3,"naturalist:bass":1,"minecraft:silverfish":58,"minecraft:parrot":1,"minecraft:pig":2,"creeperoverhaul:spruce_creeper":1,"minecraft:sheep":4,"minecraft:pillager":11,"minecraft:zombie":6,"minecraft:cow":6},"minecraft:broken":{"minecraft:stone_sword":2,"minecraft:flint_and_steel":1,"minecraft:wooden_pickaxe":2,"minecraft:wooden_axe":1},"minecraft:used":{"minecraft:stone_sword":248,"minecraft:acacia_log":5,"minecraft:flint_and_steel":72,"minecraft:chest":1,"minecraft:spruce_planks":75,"minecraft:shield":14,"minecraft:iron_sword":308,"minecraft:iron_chestplate":1,"minecraft:dirt":8,"minecraft:carrot":1,"minecraft:granite":1,"minecraft:milk_bucket":1,"minecraft:dark_oak_planks":56,"minecraft:wooden_axe":58,"minecraft:iron_axe":99,"simplyswords:diamond_greathammer":11,"minecraft:iron_boots":2,"minecraft:acacia_planks":152,"minecraft:dark_oak_stairs":1,"minecraft:water_bucket":2,"minecraft:acacia_boat":3,"minecraft:oak_planks":12,"minecraft:stone_pickaxe":28,"minecraft:baked_potato":3,"minecraft:wooden_pickaxe":55,"minecraft:chainmail_helmet":1,"minecraft:salmon":10,"minecraft:golden_apple":1,"minecraft:sand":20,"minecraft:tnt":32,"minecraft:crafting_table":16,"minecraft:red_bed":5,"minecraft:white_bed":6,"minecraft:cod":11,"minecraft:oak_log":1,"minecraft:melon_slice":13,"minecraft:bread":68,"minecraft:iron_pickaxe":2,"minecraft:suspicious_stew":3,"minecraft:stone_axe":96,"minecraft:cobblestone":3,"minecraft:porkchop":2,"minecraft:bucket":3,"minecraft:pumpkin_pie":11,"minecraft:experience_bottle":2},"minecraft:crafted":{"minecraft:wooden_sword":1,"minecraft:oak_planks":4,"simplyswords:diamond_greathammer":1,"minecraft:iron_nugget":9,"minecraft:flint_and_steel":1,"minecraft:iron_axe":1,"minecraft:stone_pickaxe":1,"minecraft:chest":1,"minecraft:wheat":459,"minecraft:cooked_beef":5,"minecraft:cooked_porkchop":3,"minecraft:crafting_table":12,"minecraft:wooden_pickaxe":1,"minecraft:iron_sword":1,"minecraft:stone_axe":1,"minecraft:bread":152,"minecraft:acacia_boat":2,"minecraft:tnt":11,"simplyswords:diamond_katana":1,"minecraft:shield":1,"minecraft:iron_pickaxe":1,"minecraft:stick":36,"minecraft:wooden_axe":1,"minecraft:stone_sword":2,"minecraft:iron_shovel":1,"minecraft:white_bed":1,"minecraft:acacia_planks":208},"minecraft:custom":{"minecraft:mob_kills":113,"minecraft:interact_with_crafting_table":31,"minecraft:open_barrel":55,"minecraft:leave_game":3,"minecraft:time_since_death":49926,"minecraft:climb_one_cm":23599,"minecraft:sprint_one_cm":713157,"minecraft:walk_one_cm":500171,"minecraft:damage_blocked_by_shield":695,"minecraft:drop":127,"minecraft:play_time":229657,"minecraft:deaths":13,"minecraft:sneak_time":9978,"minecraft:walk_under_water_one_cm":57778,"minecraft:boat_one_cm":369967,"minecraft:jump":4021,"minecraft:walk_on_water_one_cm":90890,"minecraft:total_world_time":229657,"minecraft:sleep_in_bed":12,"minecraft:time_since_rest":3860,"minecraft:damage_taken":7610,"minecraft:damage_absorbed":39,"minecraft:trigger_trapped_chest":2,"minecraft:damage_dealt":11653,"minecraft:swim_one_cm":233723,"minecraft:fly_one_cm":896658,"minecraft:open_chest":59,"minecraft:crouch_one_cm":22246,"minecraft:interact_with_smoker":4,"minecraft:fall_one_cm":135717,"minecraft:inspect_dispenser":8},"minecraft:picked_up":{"minecraft:iron_chestplate":1,"minecraft:crafting_table":14,"minecraft:shelter_pottery_sherd":4,"minecraft:coarse_dirt":4,"minecraft:wheat":2,"minecraft:chicken":12,"minecraft:wooden_pickaxe":2,"minecraft:enchanted_book":10,"minecraft:chain":1,"minecraft:shield":7,"minecraft:oak_trapdoor":7,"minecraft:iron_axe":2,"minecraft:string":12,"minecraft:red_bed":5,"minecraft:flint_and_steel":3,"minecraft:iron_leggings":2,"minecraft:experience_bottle":1,"minecraft:cyan_carpet":3,"minecraft:gold_nugget":123,"minecraft:spruce_planks":166,"naturalist:cooked_catfish":3,"minecraft:beef":24,"minecraft:redstone_torch":3,"minecraft:spruce_slab":1,"minecraft:melon_slice":64,"minecraft:chest":4,"minecraft:iron_boots":1,"minecraft:sandstone":328,"minecraft:stick":109,"minecraft:raw_iron":50,"minecraft:oak_fence":7,"minecraft:acacia_log":57,"minecraft:torch":123,"minecraft:bowl":1,"minecraft:spruce_fence":1,"minecraft:sandstone_wall":4,"minecraft:porkchop":39,"minecraft:carrot":9,"minecraft:dark_oak_planks":50,"minecraft:smooth_sandstone_slab":4,"minecraft:tnt":114,"minecraft:orange_bed":3,"minecraft:stone_sword":1,"minecraft:arrow":47,"minecraft:rotten_flesh":12,"minecraft:pumpkin_pie":36,"minecraft:waxed_oxidized_cut_copper_stairs":1,"minecraft:diamond_boots":1,"minecraft:hay_block":83,"minecraft:stripped_dark_oak_wood":16,"minecraft:gold_ingot":48,"minecraft:mutton":14,"minecraft:skeleton_skull":2,"minecraft:cod":18,"minecraft:cobblestone":25,"minecraft:white_wool":19,"minecraft:feather":12,"minecraft:tripwire_hook":8,"minecraft:birch_slab":1,"minecraft:salmon":5,"minecraft:cut_sandstone":24,"minecraft:leather":23,"simplyswords:gold_chakram":1,"minecraft:birch_planks":31,"minecraft:packed_mud":2,"minecraft:flint":9,"minecraft:oak_log":211,"minecraft:gunpowder":306,"minecraft:acacia_boat":3,"minecraft:dirt":13,"minecraft:lantern":1,"minecraft:name_tag":2,"naturalist:bass":2,"minecraft:bone":13,"minecraft:acacia_planks":544,"minecraft:apple":20,"minecraft:bow":1,"minecraft:wheat_seeds":5,"minecraft:stone_pickaxe":11,"minecraft:iron_ingot":162,"minecraft:acacia_sapling":8,"minecraft:oak_planks":126,"minecraft:iron_sword":16,"minecraft:arms_up_pottery_sherd":12,"minecraft:dark_oak_stairs":3,"minecraft:book":16,"minecraft:pumpkin":5,"minecraft:gravel":27,"minecraft:sand":202,"minecraft:jungle_planks":2,"minecraft:white_bed":6,"minecraft:leather_helmet":5,"minecraft:barrel":9,"minecraft:spider_eye":2,"minecraft:mossy_cobblestone":6,"minecraft:diamond":9,"minecraft:stone_axe":1,"minecraft:iron_helmet":4,"minecraft:crossbow":3,"minecraft:granite":1,"minecraft:golden_apple":122,"minecraft:emerald":195,"minecraft:bread":482,"minecraft:chainmail_helmet":3,"minecraft:waxed_oxidized_cut_copper_slab":1,"minecraft:baked_potato":75,"minecraft:oak_sapling":2,"minecraft:dark_oak_fence":2,"minecraft:coal":608,"minecraft:ender_pearl":1}},"DataVersion":3465}