{"stats":{"minecraft:dropped":{"minecraft:cooked_porkchop":4,"minecraft:birch_sapling":1,"minecraft:oak_sapling":1},"minecraft:mined":{"minecraft:red_stained_glass":3,"minecraft:peony":1,"minecraft:grass":4,"minecraft:oak_log":112,"minecraft:tall_grass":3,"minecraft:cake":1,"minecraft:oak_leaves":25},"minecraft:crafted":{"minecraft:oak_planks":96,"minecraft:cooked_porkchop":4,"minecraft:crafting_table":1,"minecraft:stick":8,"minecraft:stone_pickaxe":1,"minecraft:wooden_axe":1,"minecraft:stone_sword":1,"minecraft:oak_wood":3,"minecraft:stone_axe":1},"minecraft:killed_by":{"minecraft:zombie":1,"minecraft:enderman":1},"minecraft:used":{"minecraft:oak_log":18,"minecraft:peony":1,"minecraft:cooked_mutton":3,"minecraft:wooden_axe":76,"minecraft:stone_sword":22,"the_bumblezone:honey_bee_leggings_1":1,"minecraft:rotten_flesh":3,"minecraft:stone_axe":133,"minecraft:crafting_table":1,"minecraft:cooked_porkchop":1,"minecraft:oak_sapling":1,"minecraft:egg":3},"minecraft:picked_up":{"minecraft:wooden_axe":1,"minecraft:stick":1,"minecraft:black_candle":1,"minecraft:cooked_porkchop":3,"minecraft:oak_log":110,"minecraft:spider_eye":2,"minecraft:string":3,"minecraft:cooked_mutton":3,"minecraft:rotten_flesh":3,"minecraft:peony":1,"minecraft:wheat_seeds":1,"minecraft:beef":3,"the_bumblezone:pollen_puff":1,"minecraft:oak_sapling":2,"the_bumblezone:honey_bee_leggings_1":1,"minecraft:birch_sapling":1,"minecraft:cobblestone":10,"minecraft:egg":3},"minecraft:killed":{"minecraft:zombie":2,"minecraft:spider":3,"minecraft:cow":1},"minecraft:broken":{"minecraft:wooden_axe":2,"minecraft:stone_axe":1},"minecraft:custom":{"minecraft:time_since_rest":29262,"minecraft:interact_with_furnace":2,"minecraft:sprint_one_cm":98147,"minecraft:damage_taken":868,"minecraft:walk_one_cm":85979,"minecraft:mob_kills":6,"minecraft:drop":3,"minecraft:damage_dealt":941,"the_bumblezone:honey_bee_leggings_flower_pollen":1,"minecraft:swim_one_cm":9791,"minecraft:interact_with_crafting_table":2,"minecraft:fly_one_cm":105246,"minecraft:open_chest":3,"minecraft:crouch_one_cm":1656,"minecraft:play_time":39954,"minecraft:deaths":2,"minecraft:sneak_time":1122,"minecraft:walk_under_water_one_cm":996,"minecraft:eat_cake_slice":1,"minecraft:jump":547,"minecraft:leave_game":1,"minecraft:walk_on_water_one_cm":1878,"minecraft:time_since_death":29231,"minecraft:total_world_time":39954,"minecraft:fall_one_cm":19529}},"DataVersion":3465}