{"stats":{"minecraft:dropped":{"minecraft:cooked_porkchop":4,"minecraft:birch_sapling":1,"minecraft:oak_sapling":1},"minecraft:picked_up":{"minecraft:wooden_axe":1,"minecraft:magma_block":1,"minecraft:crafting_table":1,"minecraft:chicken":3,"minecraft:glow_ink_sac":2,"minecraft:tuff":3,"minecraft:oak_log":110,"minecraft:amethyst_block":58,"minecraft:string":3,"minecraft:cooked_mutton":3,"minecraft:bone":2,"minecraft:blackstone":13,"minecraft:wheat_seeds":1,"minecraft:cobbled_deepslate":22,"minecraft:beef":3,"minecraft:cooked_chicken":1,"minecraft:calcite":5,"the_bumblezone:honey_bee_leggings_1":1,"minecraft:birch_sapling":1,"minecraft:oak_planks":1,"minecraft:egg":3,"minecraft:smooth_basalt":6,"minecraft:stick":1,"minecraft:raw_iron":16,"minecraft:black_candle":2,"minecraft:cooked_porkchop":3,"minecraft:gravel":2,"minecraft:amethyst_shard":16,"minecraft:redstone":83,"minecraft:spider_eye":2,"minecraft:rotten_flesh":7,"minecraft:diamond":9,"minecraft:peony":1,"minecraft:hay_block":12,"the_bumblezone:pollen_puff":1,"minecraft:oak_sapling":2,"minecraft:coal":72,"minecraft:cobblestone":48},"minecraft:crafted":{"minecraft:oak_planks":356,"minecraft:cooked_porkchop":4,"minecraft:crafting_table":3,"minecraft:cooked_chicken":2,"minecraft:oak_wood":3,"minecraft:stone_axe":1,"minecraft:bread":36,"minecraft:stick":104,"minecraft:iron_ingot":3,"minecraft:iron_pickaxe":1,"minecraft:stone_pickaxe":1,"minecraft:wooden_axe":1,"minecraft:stone_sword":1,"minecraft:chest":1,"minecraft:torch":208,"minecraft:wheat":108},"minecraft:mined":{"minecraft:deepslate_redstone_ore":19,"minecraft:large_amethyst_bud":1,"minecraft:tuff":3,"minecraft:blackstone":17,"minecraft:deepslate_diamond_ore":9,"minecraft:medium_amethyst_bud":2,"minecraft:red_stained_glass":3,"minecraft:amethyst_cluster":4,"the_bumblezone:pile_of_pollen":1,"minecraft:crafting_table":1,"minecraft:glow_lichen":1,"minecraft:budding_amethyst":2,"minecraft:calcite":5,"minecraft:tall_grass":3,"minecraft:oak_planks":1,"minecraft:amethyst_block":58,"minecraft:hay_block":12,"minecraft:magma_block":16,"minecraft:iron_ore":1,"minecraft:fire":6,"minecraft:peony":1,"minecraft:grass":4,"minecraft:coal_ore":73,"minecraft:oak_log":112,"minecraft:deepslate_iron_ore":15,"minecraft:small_amethyst_bud":3,"minecraft:gravel":2,"minecraft:smooth_basalt":6,"minecraft:stone":38,"minecraft:cake":1,"minecraft:oak_leaves":25,"minecraft:deepslate":22},"minecraft:broken":{"minecraft:stone_pickaxe":1,"minecraft:stone_axe":1,"minecraft:iron_pickaxe":1,"minecraft:wooden_axe":2},"minecraft:killed_by":{"minecraft:zombie":1,"minecraft:enderman":1},"minecraft:custom":{"minecraft:interact_with_furnace":5,"minecraft:mob_kills":13,"minecraft:interact_with_crafting_table":7,"minecraft:open_barrel":2,"minecraft:eat_cake_slice":1,"minecraft:leave_game":1,"minecraft:time_since_death":73339,"minecraft:sleep_in_bed":1,"minecraft:climb_one_cm":1226,"minecraft:time_since_rest":40601,"minecraft:sprint_one_cm":176023,"minecraft:damage_taken":1591,"minecraft:walk_one_cm":208103,"minecraft:drop":3,"minecraft:damage_dealt":2199,"the_bumblezone:honey_bee_leggings_flower_pollen":1,"minecraft:swim_one_cm":9791,"minecraft:fly_one_cm":197088,"minecraft:open_chest":10,"minecraft:crouch_one_cm":12020,"minecraft:play_time":84062,"minecraft:deaths":2,"minecraft:sneak_time":5001,"minecraft:walk_under_water_one_cm":2268,"minecraft:jump":1111,"minecraft:interact_with_blast_furnace":2,"minecraft:walk_on_water_one_cm":6100,"minecraft:total_world_time":84062,"minecraft:fall_one_cm":36517},"minecraft:killed":{"minecraft:spider":3,"minecraft:creeper":1,"minecraft:skeleton":1,"minecraft:zombie":6,"minecraft:cow":1},"minecraft:used":{"minecraft:peony":1,"minecraft:cooked_mutton":3,"minecraft:water_bucket":5,"minecraft:stone_sword":73,"the_bumblezone:honey_bee_leggings_1":1,"minecraft:stone_pickaxe":131,"minecraft:oak_planks":8,"minecraft:blackstone":13,"minecraft:chest":1,"minecraft:cooked_chicken":3,"minecraft:rotten_flesh":3,"minecraft:torch":10,"the_bumblezone:pollen_puff":1,"minecraft:crafting_table":4,"minecraft:milk_bucket":1,"minecraft:oak_log":18,"minecraft:wooden_axe":76,"minecraft:bread":8,"minecraft:iron_pickaxe":466,"minecraft:smooth_basalt":4,"minecraft:stone_axe":133,"minecraft:cobblestone":9,"minecraft:oak_sapling":1,"minecraft:cooked_porkchop":3,"minecraft:bucket":6,"minecraft:black_candle":1,"minecraft:egg":3,"minecraft:cobbled_deepslate":22}},"DataVersion":3465}