{"stats":{"minecraft:used":{"minecraft:acacia_leaves":1,"minecraft:oak_leaves":3,"minecraft:map":7,"minecraft:acacia_log":4,"minecraft:grass_block":31},"minecraft:custom":{"minecraft:jump":204,"minecraft:time_since_rest":21039,"minecraft:crouch_one_cm":970,"minecraft:leave_game":4,"minecraft:play_time":21039,"minecraft:sprint_one_cm":23234,"minecraft:walk_on_water_one_cm":123,"minecraft:time_since_death":21039,"minecraft:walk_one_cm":5907,"minecraft:sneak_time":407,"minecraft:climb_one_cm":535,"minecraft:total_world_time":21039,"minecraft:walk_under_water_one_cm":1556,"minecraft:swim_one_cm":1299,"minecraft:fly_one_cm":364131}},"DataVersion":3465}