{"stats":{"minecraft:dropped":{"minecraft:cobblestone":10,"minecraft:cooked_mutton":3,"minecraft:wooden_axe":1,"the_bumblezone:honey_bee_leggings_1":1},"minecraft:mined":{"minecraft:dandelion":2,"minecraft:crafting_table":5,"minecraft:granite":1,"minecraft:grass_block":4,"minecraft:cobblestone":1,"minecraft:furnace":3,"minecraft:birch_log":12,"minecraft:birch_leaves":1,"minecraft:grass":7,"minecraft:oak_log":55,"minecraft:dirt":14,"minecraft:stone":43,"minecraft:oak_leaves":21},"minecraft:crafted":{"minecraft:cooked_beef":3,"minecraft:wooden_sword":1,"minecraft:oak_planks":220,"minecraft:wooden_shovel":1,"minecraft:cooked_porkchop":2,"minecraft:crafting_table":1,"minecraft:wooden_pickaxe":1,"minecraft:furnace":2,"minecraft:birch_planks":48,"minecraft:stone_axe":1,"minecraft:cooked_mutton":8,"minecraft:air":0,"minecraft:stick":20,"minecraft:stone_pickaxe":1,"minecraft:wooden_axe":1,"minecraft:stone_sword":1},"minecraft:used":{"minecraft:cooked_mutton":5,"minecraft:cow_spawn_egg":1,"minecraft:stone_sword":17,"minecraft:birch_planks":7,"the_bumblezone:honey_bee_leggings_1":1,"minecraft:stone_pickaxe":58,"minecraft:oak_planks":5,"minecraft:wooden_pickaxe":45,"minecraft:wooden_shovel":24,"minecraft:crafting_table":5,"minecraft:wooden_axe":30,"minecraft:apple":2,"minecraft:chicken":1,"minecraft:stone_axe":118,"minecraft:wooden_sword":61,"minecraft:cobblestone":1,"minecraft:furnace":4,"minecraft:cooked_porkchop":2,"another_furniture:light_blue_sofa":2,"another_furniture:oak_shelf":2},"minecraft:picked_up":{"minecraft:birch_log":12,"minecraft:crafting_table":5,"minecraft:feather":3,"minecraft:chicken":3,"minecraft:leather":8,"minecraft:oak_log":55,"minecraft:dirt":18,"minecraft:string":1,"minecraft:apple":2,"minecraft:beef":7,"minecraft:birch_sapling":2,"minecraft:furnace":3,"minecraft:egg":1,"minecraft:stick":3,"minecraft:cooked_porkchop":4,"minecraft:dandelion":1,"minecraft:porkchop":6,"minecraft:rotten_flesh":1,"minecraft:cow_spawn_egg":1,"minecraft:granite":1,"minecraft:oak_sapling":3,"minecraft:mutton":8,"minecraft:white_wool":5,"minecraft:cobblestone":44},"minecraft:killed":{"minecraft:pig":4,"minecraft:spider":1,"minecraft:sheep":5,"minecraft:skeleton":1,"minecraft:zombie":1,"minecraft:chicken":3,"minecraft:cow":5},"minecraft:broken":{"minecraft:wooden_sword":1},"minecraft:custom":{"minecraft:interact_with_furnace":21,"minecraft:mob_kills":20,"minecraft:interact_with_crafting_table":10,"minecraft:leave_game":1,"minecraft:time_since_death":32688,"minecraft:time_since_rest":32688,"minecraft:sprint_one_cm":91758,"minecraft:damage_taken":519,"minecraft:walk_one_cm":61612,"minecraft:drop":4,"minecraft:damage_dealt":2041,"minecraft:fly_one_cm":89638,"minecraft:crouch_one_cm":93,"minecraft:play_time":32688,"minecraft:sneak_time":106,"minecraft:jump":527,"minecraft:walk_on_water_one_cm":75,"minecraft:total_world_time":32688,"minecraft:fall_one_cm":19295}},"DataVersion":3465}