{"stats":{"minecraft:crafted":{"minecraft:wooden_sword":1,"minecraft:oak_door":3,"minecraft:oak_planks":816,"minecraft:stone_shovel":4,"minecraft:iron_nugget":9,"minecraft:cooked_chicken":2,"minecraft:birch_slab":6,"minecraft:furnace":2,"minecraft:diamond_shovel":1,"minecraft:cooked_mutton":18,"simplyswords:diamond_greataxe":1,"minecraft:bow":1,"morebows:frost_bow":1,"minecraft:iron_hoe":2,"minecraft:stone_pickaxe":2,"minecraft:chest":8,"minecraft:birch_door":3,"morebows:iron_bow":1,"minecraft:cooked_beef":7,"minecraft:wooden_shovel":1,"minecraft:cooked_porkchop":35,"minecraft:crafting_table":3,"minecraft:wooden_pickaxe":1,"minecraft:birch_planks":48,"minecraft:stone_axe":8,"minecraft:bread":50,"minecraft:air":0,"minecraft:diamond_pickaxe":1,"minecraft:stick":48,"minecraft:iron_ingot":10,"minecraft:wooden_axe":1,"minecraft:oak_stairs":100,"minecraft:stone_sword":1,"minecraft:white_bed":2,"minecraft:torch":12},"minecraft:custom":{"minecraft:mob_kills":74,"minecraft:interact_with_crafting_table":80,"minecraft:open_barrel":3,"minecraft:eat_cake_slice":2,"minecraft:leave_game":5,"minecraft:time_since_death":45167,"minecraft:climb_one_cm":4186,"minecraft:sprint_one_cm":791094,"minecraft:walk_one_cm":502515,"minecraft:drop":32,"minecraft:play_time":331555,"minecraft:deaths":4,"minecraft:sneak_time":6652,"minecraft:walk_under_water_one_cm":4027,"minecraft:jump":3891,"minecraft:interact_with_blast_furnace":16,"minecraft:walk_on_water_one_cm":22147,"minecraft:total_world_time":331555,"minecraft:interact_with_furnace":41,"minecraft:interact_with_loom":2,"minecraft:sleep_in_bed":4,"minecraft:time_since_rest":13860,"minecraft:damage_taken":2745,"minecraft:damage_dealt":9047,"minecraft:swim_one_cm":19027,"minecraft:fly_one_cm":792411,"minecraft:open_chest":75,"minecraft:crouch_one_cm":25244,"minecraft:fall_one_cm":112810},"minecraft:picked_up":{"minecraft:crafting_table":6,"minecraft:mud":10,"minecraft:iron_chestplate":1,"minecraft:coarse_dirt":84,"minecraft:wheat":150,"minecraft:chicken":7,"minecraft:clay_ball":8,"minecraft:packed_ice":14,"minecraft:diamond_sword":1,"minecraft:oak_stairs":34,"minecraft:cornflower":4,"minecraft:string":32,"minecraft:iron_leggings":1,"minecraft:cobbled_deepslate":104,"minecraft:bucket":1,"minecraft:beef":16,"minecraft:poppy":1,"minecraft:light_gray_wool":1,"minecraft:birch_sapling":2,"minecraft:furnace":3,"minecraft:iron_boots":1,"minecraft:egg":8,"minecraft:stick":63,"minecraft:raw_iron":25,"minecraft:oak_door":4,"minecraft:torch":65,"simplyswords:diamond_greataxe":1,"minecraft:porkchop":8,"minecraft:arrow":12,"minecraft:rotten_flesh":16,"minecraft:cow_spawn_egg":1,"minecraft:mutton":28,"minecraft:snowball":157,"adventurez:orc_skin":1,"minecraft:white_wool":32,"minecraft:cobblestone":127,"minecraft:oxeye_daisy":3,"minecraft:birch_log":12,"minecraft:feather":18,"minecraft:birch_slab":9,"minecraft:leather":36,"minecraft:birch_planks":43,"minecraft:oak_log":206,"minecraft:gunpowder":2,"minecraft:dirt":594,"minecraft:name_tag":4,"minecraft:bone":10,"minecraft:apple":2,"minecraft:wheat_seeds":930,"minecraft:iron_ingot":55,"minecraft:glass_bottle":2,"minecraft:polished_andesite_slab":3,"minecraft:oak_planks":642,"minecraft:black_candle":2,"minecraft:sheep_spawn_egg":2,"minecraft:cooked_porkchop":23,"minecraft:dandelion":11,"minecraft:white_bed":4,"minecraft:diamond":89,"minecraft:iron_helmet":1,"minecraft:granite":1,"minecraft:emerald":4,"minecraft:rooted_dirt":3,"minecraft:oak_sapling":7,"minecraft:coal":13,"minecraft:goat_spawn_egg":1},"minecraft:mined":{"minecraft:white_bed":4,"minecraft:mossy_cobblestone":5,"minecraft:oak_door":1,"minecraft:granite":1,"minecraft:grass_block":295,"minecraft:polished_andesite_slab":3,"minecraft:birch_slab":8,"minecraft:oxeye_daisy":1,"minecraft:rooted_dirt":1,"minecraft:furnace":3,"minecraft:iron_ore":5,"minecraft:snow":45,"minecraft:peony":1,"minecraft:oak_stairs":33,"minecraft:black_candle":2,"minecraft:packed_ice":13,"minecraft:stone":82,"minecraft:snow_block":76,"minecraft:dandelion":3,"minecraft:crafting_table":7,"minecraft:cornflower":2,"minecraft:poppy":2,"minecraft:tall_grass":172,"minecraft:cobblestone":2,"minecraft:oak_planks":167,"minecraft:coarse_dirt":43,"minecraft:mud":6,"minecraft:birch_log":12,"minecraft:wheat":154,"minecraft:birch_leaves":5,"minecraft:grass":381,"minecraft:oak_log":206,"minecraft:coal_ore":13,"minecraft:dirt":65,"minecraft:stone_bricks":2,"minecraft:oak_leaves":36},"minecraft:dropped":{"minecraft:wheat_seeds":45,"minecraft:cooked_porkchop":22,"minecraft:cobblestone":10,"minecraft:oxeye_daisy":1,"minecraft:black_candle":1,"minecraft:cornflower":2,"minecraft:wooden_axe":1,"minecraft:string":5,"minecraft:bucket":2,"minecraft:dandelion":8,"minecraft:bone":1,"minecraft:cobbled_deepslate":52,"minecraft:cooked_chicken":1,"minecraft:raw_iron":10,"minecraft:chicken":3,"minecraft:rotten_flesh":3,"minecraft:clay_ball":4,"minecraft:oak_planks":64,"minecraft:cooked_mutton":3,"adventurez:orc_skin":1,"minecraft:oak_sapling":3,"the_bumblezone:honey_bee_leggings_1":1},"minecraft:used":{"minecraft:stone_sword":240,"minecraft:stone_shovel":638,"minecraft:chest":8,"minecraft:wooden_shovel":24,"minecraft:cooked_chicken":1,"minecraft:iron_chestplate":1,"minecraft:oak_door":5,"minecraft:torch":10,"minecraft:dirt":210,"minecraft:snowball":36,"minecraft:birch_door":2,"minecraft:iron_hoe":113,"minecraft:wooden_axe":30,"minecraft:oak_stairs":133,"minecraft:rooted_dirt":1,"minecraft:iron_helmet":1,"minecraft:iron_boots":1,"minecraft:light_gray_wool":1,"minecraft:furnace":5,"another_furniture:light_blue_sofa":2,"minecraft:potato":8,"minecraft:cooked_beef":7,"minecraft:iron_leggings":1,"minecraft:wheat_seeds":210,"minecraft:cooked_mutton":15,"minecraft:water_bucket":15,"minecraft:cow_spawn_egg":1,"minecraft:birch_planks":7,"the_bumblezone:honey_bee_leggings_1":1,"minecraft:glass_bottle":1,"minecraft:stone_pickaxe":163,"minecraft:oak_planks":846,"minecraft:wooden_pickaxe":45,"minecraft:sheep_spawn_egg":2,"minecraft:cookie":6,"minecraft:crafting_table":9,"minecraft:white_bed":6,"minecraft:oak_log":1,"minecraft:mud":6,"minecraft:diamond_pickaxe":88,"minecraft:apple":5,"minecraft:diamond_shovel":422,"minecraft:birch_slab":9,"minecraft:bread":8,"minecraft:chicken":2,"minecraft:polished_andesite_slab":3,"minecraft:stone_axe":887,"minecraft:diamond_sword":159,"minecraft:wooden_sword":61,"minecraft:cobblestone":27,"minecraft:potion":2,"minecraft:cooked_porkchop":5,"minecraft:bucket":14,"minecraft:black_candle":1,"minecraft:goat_spawn_egg":1,"minecraft:air":2,"minecraft:coarse_dirt":30,"another_furniture:oak_shelf":2},"minecraft:killed":{"minecraft:spider":6,"minecraft:skeleton":6,"minecraft:chicken":6,"adventurez:orc":1,"minecraft:pig":5,"minecraft:creeper":1,"minecraft:sheep":17,"minecraft:goat":9,"minecraft:zombie":11,"minecraft:cow":10},"minecraft:killed_by":{"minecraft:spider":1,"adventurez:orc":1,"minecraft:skeleton":1,"minecraft:zombie":1},"minecraft:broken":{"minecraft:stone_pickaxe":1,"minecraft:wooden_sword":1,"minecraft:stone_axe":6,"minecraft:stone_shovel":4}},"DataVersion":3465}