{"stats":{"minecraft:dropped":{"minecraft:cooked_chicken":1,"minecraft:cooked_porkchop":6,"minecraft:chicken":3,"minecraft:cobblestone":10,"minecraft:cooked_mutton":3,"minecraft:black_candle":1,"minecraft:wooden_axe":1,"the_bumblezone:honey_bee_leggings_1":1,"minecraft:bone":1},"minecraft:picked_up":{"minecraft:birch_log":12,"minecraft:crafting_table":6,"minecraft:feather":4,"minecraft:chicken":4,"minecraft:leather":12,"minecraft:oak_log":116,"minecraft:string":1,"minecraft:dirt":18,"minecraft:bone":3,"minecraft:apple":2,"minecraft:wheat_seeds":4,"minecraft:beef":11,"minecraft:poppy":1,"minecraft:light_gray_wool":1,"minecraft:polished_andesite_slab":3,"minecraft:birch_sapling":2,"minecraft:oak_planks":7,"minecraft:furnace":3,"minecraft:egg":3,"minecraft:raw_iron":5,"minecraft:stick":5,"minecraft:black_candle":2,"minecraft:sheep_spawn_egg":1,"minecraft:cooked_porkchop":7,"minecraft:dandelion":1,"minecraft:porkchop":6,"minecraft:arrow":2,"minecraft:rotten_flesh":4,"minecraft:cow_spawn_egg":1,"minecraft:granite":1,"minecraft:oak_sapling":4,"minecraft:mutton":16,"minecraft:coal":7,"minecraft:white_wool":9,"minecraft:cobblestone":63},"minecraft:broken":{"minecraft:wooden_sword":1,"minecraft:stone_axe":2},"minecraft:mined":{"minecraft:dandelion":2,"minecraft:crafting_table":6,"minecraft:granite":1,"minecraft:grass_block":4,"minecraft:poppy":2,"minecraft:polished_andesite_slab":3,"minecraft:tall_grass":38,"minecraft:cobblestone":1,"minecraft:oak_planks":7,"minecraft:furnace":3,"minecraft:birch_log":12,"minecraft:iron_ore":5,"minecraft:birch_leaves":4,"minecraft:grass":11,"minecraft:coal_ore":7,"minecraft:oak_log":117,"minecraft:dirt":14,"minecraft:black_candle":2,"minecraft:stone":62,"minecraft:oak_leaves":27},"minecraft:crafted":{"minecraft:cooked_beef":3,"minecraft:wooden_sword":1,"minecraft:oak_planks":348,"minecraft:wooden_shovel":1,"minecraft:cooked_porkchop":2,"minecraft:crafting_table":1,"minecraft:cooked_chicken":1,"minecraft:wooden_pickaxe":1,"minecraft:furnace":2,"minecraft:birch_planks":48,"minecraft:stone_axe":3,"minecraft:cooked_mutton":13,"minecraft:air":0,"minecraft:stick":28,"minecraft:stone_pickaxe":2,"minecraft:wooden_axe":1,"minecraft:stone_sword":1},"minecraft:custom":{"minecraft:interact_with_furnace":27,"minecraft:mob_kills":36,"minecraft:interact_with_crafting_table":13,"minecraft:open_barrel":2,"minecraft:interact_with_loom":2,"minecraft:leave_game":2,"minecraft:time_since_death":71534,"minecraft:climb_one_cm":4186,"minecraft:time_since_rest":71534,"minecraft:sprint_one_cm":242951,"minecraft:damage_taken":999,"minecraft:walk_one_cm":131238,"minecraft:drop":10,"minecraft:damage_dealt":3859,"minecraft:swim_one_cm":7395,"minecraft:fly_one_cm":277519,"minecraft:open_chest":4,"minecraft:crouch_one_cm":3019,"minecraft:play_time":71534,"minecraft:sneak_time":1176,"minecraft:walk_under_water_one_cm":738,"minecraft:jump":1512,"minecraft:walk_on_water_one_cm":4507,"minecraft:total_world_time":71534,"minecraft:fall_one_cm":48957},"minecraft:killed":{"minecraft:pig":4,"minecraft:spider":3,"minecraft:sheep":10,"minecraft:skeleton":3,"minecraft:zombie":3,"minecraft:chicken":4,"minecraft:cow":8},"minecraft:used":{"minecraft:cooked_mutton":9,"minecraft:stone_sword":112,"minecraft:cow_spawn_egg":1,"minecraft:birch_planks":7,"the_bumblezone:honey_bee_leggings_1":1,"minecraft:stone_pickaxe":148,"minecraft:oak_planks":17,"minecraft:wooden_pickaxe":45,"minecraft:sheep_spawn_egg":1,"minecraft:wooden_shovel":24,"minecraft:crafting_table":7,"minecraft:wooden_axe":30,"minecraft:apple":2,"minecraft:chicken":1,"minecraft:polished_andesite_slab":3,"minecraft:stone_axe":283,"minecraft:light_gray_wool":1,"minecraft:wooden_sword":61,"minecraft:cobblestone":1,"minecraft:furnace":4,"minecraft:cooked_porkchop":3,"another_furniture:light_blue_sofa":2,"minecraft:black_candle":1,"minecraft:cooked_beef":3,"another_furniture:oak_shelf":2}},"DataVersion":3465}