{"stats":{"minecraft:dropped":{"minecraft:cooked_porkchop":6,"minecraft:cobblestone":10,"minecraft:cooked_mutton":3,"minecraft:black_candle":1,"minecraft:wooden_axe":1,"the_bumblezone:honey_bee_leggings_1":1},"minecraft:picked_up":{"minecraft:birch_log":12,"minecraft:crafting_table":6,"minecraft:feather":4,"minecraft:chicken":4,"minecraft:leather":12,"minecraft:oak_log":87,"minecraft:string":1,"minecraft:dirt":18,"minecraft:bone":3,"minecraft:apple":2,"minecraft:wheat_seeds":2,"minecraft:beef":11,"minecraft:poppy":1,"minecraft:birch_sapling":2,"minecraft:furnace":3,"minecraft:egg":2,"minecraft:stick":5,"minecraft:black_candle":2,"minecraft:cooked_porkchop":7,"minecraft:dandelion":1,"minecraft:porkchop":6,"minecraft:arrow":2,"minecraft:rotten_flesh":1,"minecraft:cow_spawn_egg":1,"minecraft:granite":1,"minecraft:oak_sapling":3,"minecraft:mutton":8,"minecraft:white_wool":5,"minecraft:cobblestone":44},"minecraft:broken":{"minecraft:wooden_sword":1,"minecraft:stone_axe":1},"minecraft:mined":{"minecraft:dandelion":2,"minecraft:crafting_table":6,"minecraft:granite":1,"minecraft:grass_block":4,"minecraft:poppy":2,"minecraft:tall_grass":7,"minecraft:cobblestone":1,"minecraft:furnace":3,"minecraft:birch_log":12,"minecraft:birch_leaves":4,"minecraft:grass":8,"minecraft:oak_log":87,"minecraft:dirt":14,"minecraft:black_candle":2,"minecraft:stone":43,"minecraft:oak_leaves":27},"minecraft:crafted":{"minecraft:cooked_beef":3,"minecraft:wooden_sword":1,"minecraft:oak_planks":348,"minecraft:wooden_shovel":1,"minecraft:cooked_porkchop":2,"minecraft:crafting_table":1,"minecraft:wooden_pickaxe":1,"minecraft:furnace":2,"minecraft:birch_planks":48,"minecraft:stone_axe":2,"minecraft:cooked_mutton":8,"minecraft:air":0,"minecraft:stick":20,"minecraft:stone_pickaxe":1,"minecraft:wooden_axe":1,"minecraft:stone_sword":1},"minecraft:custom":{"minecraft:interact_with_furnace":21,"minecraft:mob_kills":29,"minecraft:interact_with_crafting_table":11,"minecraft:leave_game":2,"minecraft:time_since_death":53534,"minecraft:climb_one_cm":3708,"minecraft:time_since_rest":53534,"minecraft:sprint_one_cm":175367,"minecraft:damage_taken":859,"minecraft:walk_one_cm":93177,"minecraft:drop":7,"minecraft:damage_dealt":3060,"minecraft:swim_one_cm":7395,"minecraft:fly_one_cm":181249,"minecraft:open_chest":1,"minecraft:crouch_one_cm":2264,"minecraft:play_time":53534,"minecraft:sneak_time":990,"minecraft:walk_under_water_one_cm":738,"minecraft:jump":1098,"minecraft:walk_on_water_one_cm":1300,"minecraft:total_world_time":53534,"minecraft:fall_one_cm":38000},"minecraft:killed":{"minecraft:pig":4,"minecraft:spider":3,"minecraft:sheep":5,"minecraft:skeleton":3,"minecraft:zombie":1,"minecraft:chicken":4,"minecraft:cow":8},"minecraft:used":{"minecraft:cooked_mutton":5,"minecraft:stone_sword":60,"minecraft:cow_spawn_egg":1,"minecraft:birch_planks":7,"the_bumblezone:honey_bee_leggings_1":1,"minecraft:stone_pickaxe":58,"minecraft:oak_planks":5,"minecraft:wooden_pickaxe":45,"minecraft:wooden_shovel":24,"minecraft:crafting_table":6,"minecraft:wooden_axe":30,"minecraft:apple":2,"minecraft:chicken":1,"minecraft:stone_axe":199,"minecraft:wooden_sword":61,"minecraft:cobblestone":1,"minecraft:furnace":4,"minecraft:cooked_porkchop":3,"another_furniture:light_blue_sofa":2,"minecraft:black_candle":1,"minecraft:cooked_beef":3,"another_furniture:oak_shelf":2}},"DataVersion":3465}