{"stats":{"minecraft:dropped":{"minecraft:wheat_seeds":21,"minecraft:cooked_chicken":1,"minecraft:raw_iron":10,"minecraft:cooked_porkchop":6,"minecraft:chicken":3,"minecraft:cobblestone":10,"minecraft:oak_planks":64,"minecraft:cooked_mutton":3,"minecraft:oxeye_daisy":1,"minecraft:black_candle":1,"minecraft:cornflower":1,"minecraft:wooden_axe":1,"minecraft:oak_sapling":2,"the_bumblezone:honey_bee_leggings_1":1,"minecraft:bone":1},"minecraft:picked_up":{"minecraft:birch_log":12,"minecraft:coarse_dirt":66,"minecraft:crafting_table":6,"minecraft:feather":15,"minecraft:chicken":5,"minecraft:leather":36,"minecraft:oak_stairs":34,"minecraft:birch_planks":43,"minecraft:oak_log":206,"minecraft:cornflower":1,"minecraft:string":17,"minecraft:dirt":478,"minecraft:name_tag":4,"minecraft:bone":5,"minecraft:apple":2,"minecraft:wheat_seeds":71,"minecraft:iron_ingot":8,"minecraft:beef":11,"minecraft:poppy":1,"minecraft:light_gray_wool":1,"minecraft:polished_andesite_slab":3,"minecraft:birch_sapling":2,"minecraft:oak_planks":642,"minecraft:furnace":3,"minecraft:egg":8,"minecraft:raw_iron":25,"minecraft:stick":63,"minecraft:black_candle":2,"minecraft:sheep_spawn_egg":1,"minecraft:cooked_porkchop":7,"minecraft:oak_door":4,"minecraft:dandelion":3,"minecraft:porkchop":6,"minecraft:white_bed":3,"minecraft:arrow":12,"minecraft:rotten_flesh":9,"minecraft:diamond":2,"minecraft:cow_spawn_egg":1,"minecraft:granite":1,"minecraft:rooted_dirt":2,"minecraft:oak_sapling":5,"minecraft:mutton":18,"minecraft:coal":7,"minecraft:white_wool":26,"minecraft:cobblestone":99,"minecraft:oxeye_daisy":3},"minecraft:mined":{"minecraft:white_bed":3,"minecraft:oak_door":1,"minecraft:dandelion":3,"minecraft:cornflower":1,"minecraft:crafting_table":7,"minecraft:granite":1,"minecraft:grass_block":215,"minecraft:poppy":2,"minecraft:polished_andesite_slab":3,"minecraft:tall_grass":113,"minecraft:cobblestone":2,"minecraft:oak_planks":167,"minecraft:oxeye_daisy":1,"minecraft:rooted_dirt":1,"minecraft:coarse_dirt":35,"minecraft:furnace":3,"minecraft:birch_log":12,"minecraft:iron_ore":5,"minecraft:birch_leaves":5,"minecraft:peony":1,"minecraft:grass":138,"minecraft:coal_ore":7,"minecraft:oak_log":206,"minecraft:oak_stairs":33,"minecraft:dirt":60,"minecraft:black_candle":2,"minecraft:stone":65,"minecraft:oak_leaves":31},"minecraft:crafted":{"minecraft:cooked_beef":7,"minecraft:wooden_sword":1,"minecraft:oak_door":3,"minecraft:oak_planks":816,"minecraft:wooden_shovel":1,"minecraft:stone_shovel":4,"minecraft:cooked_porkchop":2,"minecraft:crafting_table":3,"minecraft:cooked_chicken":2,"minecraft:wooden_pickaxe":1,"minecraft:furnace":2,"minecraft:birch_planks":48,"minecraft:stone_axe":8,"minecraft:cooked_mutton":13,"minecraft:air":0,"minecraft:stick":36,"minecraft:iron_ingot":10,"minecraft:oak_stairs":100,"minecraft:stone_pickaxe":2,"minecraft:wooden_axe":1,"minecraft:stone_sword":1,"minecraft:chest":4,"minecraft:white_bed":2,"minecraft:torch":12},"minecraft:broken":{"minecraft:stone_pickaxe":1,"minecraft:wooden_sword":1,"minecraft:stone_axe":6,"minecraft:stone_shovel":4},"minecraft:killed_by":{"minecraft:skeleton":1,"minecraft:zombie":1},"minecraft:custom":{"minecraft:interact_with_furnace":36,"minecraft:mob_kills":46,"minecraft:interact_with_crafting_table":39,"minecraft:open_barrel":2,"minecraft:interact_with_loom":2,"minecraft:leave_game":2,"minecraft:time_since_death":26338,"minecraft:sleep_in_bed":2,"minecraft:climb_one_cm":4186,"minecraft:time_since_rest":6835,"minecraft:sprint_one_cm":486679,"minecraft:damage_taken":1559,"minecraft:walk_one_cm":334928,"minecraft:drop":18,"minecraft:damage_dealt":5755,"minecraft:swim_one_cm":7395,"minecraft:fly_one_cm":522928,"minecraft:open_chest":6,"minecraft:crouch_one_cm":16444,"minecraft:play_time":149534,"minecraft:deaths":2,"minecraft:sneak_time":4764,"minecraft:walk_under_water_one_cm":738,"minecraft:jump":2563,"minecraft:walk_on_water_one_cm":4507,"minecraft:total_world_time":149534,"minecraft:fall_one_cm":74832},"minecraft:killed":{"minecraft:pig":4,"minecraft:spider":3,"minecraft:sheep":11,"minecraft:skeleton":4,"minecraft:zombie":10,"minecraft:chicken":5,"minecraft:cow":8},"minecraft:used":{"minecraft:cooked_mutton":10,"minecraft:stone_sword":240,"minecraft:cow_spawn_egg":1,"minecraft:stone_shovel":638,"minecraft:birch_planks":7,"the_bumblezone:honey_bee_leggings_1":1,"minecraft:stone_pickaxe":163,"minecraft:oak_planks":846,"minecraft:wooden_pickaxe":45,"minecraft:sheep_spawn_egg":1,"minecraft:wooden_shovel":24,"minecraft:cooked_chicken":1,"minecraft:cookie":6,"minecraft:oak_door":5,"minecraft:torch":9,"minecraft:dirt":120,"minecraft:crafting_table":9,"minecraft:white_bed":5,"minecraft:oak_log":1,"minecraft:wooden_axe":30,"minecraft:apple":2,"minecraft:oak_stairs":133,"minecraft:chicken":1,"minecraft:polished_andesite_slab":3,"minecraft:stone_axe":867,"minecraft:light_gray_wool":1,"minecraft:wooden_sword":61,"minecraft:cobblestone":4,"minecraft:furnace":5,"minecraft:cooked_porkchop":3,"another_furniture:light_blue_sofa":2,"minecraft:black_candle":1,"minecraft:cooked_beef":7,"minecraft:coarse_dirt":12,"another_furniture:oak_shelf":2}},"DataVersion":3465}