{"stats":{"minecraft:dropped":{"minecraft:wooden_axe":1,"minecraft:cooked_mutton":3,"the_bumblezone:honey_bee_leggings_1":1},"minecraft:mined":{"minecraft:furnace":2,"minecraft:birch_log":5,"minecraft:dandelion":2,"minecraft:crafting_table":4,"minecraft:granite":1,"minecraft:grass":4,"minecraft:grass_block":1,"minecraft:oak_log":9,"minecraft:dirt":5,"minecraft:stone":16,"minecraft:oak_leaves":15},"minecraft:crafted":{"minecraft:wooden_sword":1,"minecraft:oak_planks":36,"minecraft:cooked_porkchop":2,"minecraft:crafting_table":1,"minecraft:stick":12,"minecraft:wooden_pickaxe":1,"minecraft:stone_pickaxe":1,"minecraft:wooden_axe":1,"minecraft:stone_sword":1,"minecraft:furnace":1,"minecraft:birch_planks":20,"minecraft:stone_axe":1,"minecraft:cooked_mutton":8,"minecraft:air":0},"minecraft:used":{"minecraft:cooked_mutton":4,"minecraft:wooden_axe":30,"minecraft:stone_sword":14,"minecraft:birch_planks":7,"the_bumblezone:honey_bee_leggings_1":1,"minecraft:chicken":1,"minecraft:oak_planks":5,"minecraft:wooden_pickaxe":45,"minecraft:stone_axe":2,"minecraft:wooden_sword":61,"minecraft:crafting_table":4,"minecraft:furnace":2,"minecraft:cooked_porkchop":2,"another_furniture:light_blue_sofa":2,"another_furniture:oak_shelf":2},"minecraft:picked_up":{"minecraft:birch_log":5,"minecraft:crafting_table":4,"minecraft:feather":3,"minecraft:chicken":3,"minecraft:leather":6,"minecraft:dandelion":1,"minecraft:porkchop":5,"minecraft:oak_log":9,"minecraft:string":1,"minecraft:dirt":6,"minecraft:rotten_flesh":1,"minecraft:cow_spawn_egg":1,"minecraft:beef":6,"minecraft:granite":1,"minecraft:mutton":8,"minecraft:egg":1,"minecraft:white_wool":5,"minecraft:cobblestone":16,"minecraft:furnace":2},"minecraft:killed":{"minecraft:skeleton":1,"minecraft:sheep":5,"minecraft:zombie":1,"minecraft:pig":3,"minecraft:chicken":3,"minecraft:spider":1,"minecraft:cow":4},"minecraft:broken":{"minecraft:wooden_sword":1},"minecraft:custom":{"minecraft:time_since_rest":20688,"minecraft:interact_with_furnace":14,"minecraft:sprint_one_cm":67388,"minecraft:damage_taken":479,"minecraft:walk_one_cm":43943,"minecraft:mob_kills":18,"minecraft:drop":3,"minecraft:damage_dealt":1901,"minecraft:interact_with_crafting_table":5,"minecraft:fly_one_cm":75893,"minecraft:crouch_one_cm":12,"minecraft:play_time":20688,"minecraft:sneak_time":28,"minecraft:jump":439,"minecraft:walk_on_water_one_cm":75,"minecraft:leave_game":1,"minecraft:time_since_death":20688,"minecraft:total_world_time":20688,"minecraft:fall_one_cm":16048}},"DataVersion":3465}