{"stats":{"minecraft:crafted":{"minecraft:wooden_sword":1,"minecraft:oak_door":3,"minecraft:oak_planks":816,"minecraft:stone_shovel":4,"minecraft:iron_nugget":9,"minecraft:cooked_chicken":2,"minecraft:birch_slab":6,"minecraft:furnace":2,"minecraft:cooked_mutton":17,"simplyswords:diamond_greataxe":1,"minecraft:iron_hoe":2,"minecraft:stone_pickaxe":2,"minecraft:chest":8,"minecraft:birch_door":3,"minecraft:cooked_beef":7,"minecraft:wooden_shovel":1,"minecraft:cooked_porkchop":2,"minecraft:crafting_table":3,"minecraft:wooden_pickaxe":1,"minecraft:birch_planks":48,"minecraft:stone_axe":8,"minecraft:air":0,"minecraft:diamond_pickaxe":1,"minecraft:stick":44,"minecraft:iron_ingot":10,"minecraft:wooden_axe":1,"minecraft:oak_stairs":100,"minecraft:stone_sword":1,"minecraft:white_bed":2,"minecraft:torch":12},"minecraft:custom":{"minecraft:mob_kills":52,"minecraft:interact_with_crafting_table":61,"minecraft:open_barrel":2,"minecraft:leave_game":4,"minecraft:time_since_death":46458,"minecraft:climb_one_cm":4186,"minecraft:sprint_one_cm":545120,"minecraft:walk_one_cm":366835,"minecraft:drop":19,"minecraft:play_time":169654,"minecraft:deaths":2,"minecraft:sneak_time":4800,"minecraft:walk_under_water_one_cm":738,"minecraft:jump":2783,"minecraft:interact_with_blast_furnace":12,"minecraft:walk_on_water_one_cm":4507,"minecraft:total_world_time":169654,"minecraft:interact_with_furnace":39,"minecraft:interact_with_loom":2,"minecraft:sleep_in_bed":2,"minecraft:time_since_rest":26955,"minecraft:damage_taken":1563,"minecraft:damage_dealt":6189,"minecraft:swim_one_cm":7395,"minecraft:fly_one_cm":579844,"minecraft:open_chest":39,"minecraft:crouch_one_cm":16454,"minecraft:fall_one_cm":77340},"minecraft:picked_up":{"minecraft:crafting_table":6,"minecraft:iron_chestplate":1,"minecraft:coarse_dirt":67,"minecraft:chicken":6,"minecraft:diamond_sword":1,"minecraft:oak_stairs":34,"minecraft:cornflower":1,"minecraft:string":17,"minecraft:iron_leggings":1,"minecraft:beef":11,"minecraft:poppy":1,"minecraft:light_gray_wool":1,"minecraft:birch_sapling":2,"minecraft:furnace":3,"minecraft:iron_boots":1,"minecraft:egg":8,"minecraft:stick":63,"minecraft:raw_iron":25,"minecraft:oak_door":4,"minecraft:torch":65,"minecraft:porkchop":6,"minecraft:arrow":12,"minecraft:rotten_flesh":9,"minecraft:cow_spawn_egg":1,"minecraft:mutton":27,"minecraft:white_wool":31,"minecraft:cobblestone":99,"minecraft:oxeye_daisy":3,"minecraft:birch_log":12,"minecraft:feather":16,"minecraft:birch_slab":9,"minecraft:leather":36,"minecraft:birch_planks":43,"minecraft:oak_log":206,"minecraft:dirt":485,"minecraft:name_tag":4,"minecraft:bone":5,"minecraft:apple":2,"minecraft:wheat_seeds":74,"minecraft:iron_ingot":8,"minecraft:polished_andesite_slab":3,"minecraft:oak_planks":642,"minecraft:black_candle":2,"minecraft:sheep_spawn_egg":1,"minecraft:cooked_porkchop":7,"minecraft:dandelion":3,"minecraft:white_bed":4,"minecraft:diamond":35,"minecraft:iron_helmet":1,"minecraft:granite":1,"minecraft:rooted_dirt":2,"minecraft:oak_sapling":5,"minecraft:coal":7},"minecraft:mined":{"minecraft:white_bed":4,"minecraft:oak_door":1,"minecraft:granite":1,"minecraft:grass_block":222,"minecraft:polished_andesite_slab":3,"minecraft:birch_slab":8,"minecraft:oxeye_daisy":1,"minecraft:rooted_dirt":1,"minecraft:furnace":3,"minecraft:iron_ore":5,"minecraft:peony":1,"minecraft:oak_stairs":33,"minecraft:black_candle":2,"minecraft:stone":65,"minecraft:dandelion":3,"minecraft:crafting_table":7,"minecraft:cornflower":1,"minecraft:poppy":2,"minecraft:tall_grass":125,"minecraft:cobblestone":2,"minecraft:oak_planks":167,"minecraft:coarse_dirt":36,"minecraft:birch_log":12,"minecraft:birch_leaves":5,"minecraft:grass":144,"minecraft:oak_log":206,"minecraft:coal_ore":7,"minecraft:dirt":60,"minecraft:oak_leaves":31},"minecraft:dropped":{"minecraft:wheat_seeds":45,"minecraft:cooked_porkchop":6,"minecraft:cobblestone":10,"minecraft:oxeye_daisy":1,"minecraft:black_candle":1,"minecraft:cornflower":1,"minecraft:wooden_axe":1,"minecraft:bone":1,"minecraft:cooked_chicken":1,"minecraft:raw_iron":10,"minecraft:chicken":3,"minecraft:oak_planks":64,"minecraft:cooked_mutton":3,"minecraft:oak_sapling":2,"the_bumblezone:honey_bee_leggings_1":1},"minecraft:used":{"minecraft:stone_sword":240,"minecraft:stone_shovel":638,"minecraft:chest":8,"minecraft:wooden_shovel":24,"minecraft:cooked_chicken":1,"minecraft:iron_chestplate":1,"minecraft:oak_door":5,"minecraft:torch":10,"minecraft:dirt":127,"minecraft:birch_door":2,"minecraft:iron_hoe":46,"minecraft:wooden_axe":30,"minecraft:oak_stairs":133,"minecraft:iron_helmet":1,"minecraft:iron_boots":1,"minecraft:light_gray_wool":1,"minecraft:furnace":5,"another_furniture:light_blue_sofa":2,"minecraft:cooked_beef":7,"minecraft:iron_leggings":1,"minecraft:cooked_mutton":12,"minecraft:water_bucket":2,"minecraft:cow_spawn_egg":1,"minecraft:birch_planks":7,"the_bumblezone:honey_bee_leggings_1":1,"minecraft:stone_pickaxe":163,"minecraft:oak_planks":846,"minecraft:wooden_pickaxe":45,"minecraft:sheep_spawn_egg":1,"minecraft:cookie":6,"minecraft:crafting_table":9,"minecraft:white_bed":6,"minecraft:oak_log":1,"minecraft:apple":2,"minecraft:birch_slab":9,"minecraft:chicken":1,"minecraft:polished_andesite_slab":3,"minecraft:stone_axe":887,"minecraft:diamond_sword":39,"minecraft:wooden_sword":61,"minecraft:cobblestone":4,"minecraft:cooked_porkchop":3,"minecraft:bucket":1,"minecraft:black_candle":1,"minecraft:coarse_dirt":13,"another_furniture:oak_shelf":2},"minecraft:killed":{"minecraft:spider":3,"minecraft:skeleton":4,"minecraft:chicken":6,"minecraft:pig":4,"minecraft:sheep":16,"minecraft:zombie":10,"minecraft:cow":8},"minecraft:killed_by":{"minecraft:skeleton":1,"minecraft:zombie":1},"minecraft:broken":{"minecraft:stone_pickaxe":1,"minecraft:wooden_sword":1,"minecraft:stone_axe":6,"minecraft:stone_shovel":4}},"DataVersion":3465}