{"stats":{"minecraft:dropped":{"minecraft:enchanted_book":2,"minecraft:bread":99,"minecraft:iron_sword":4,"minecraft:moss_block":1,"minecraft:porkchop":9,"minecraft:wheat_seeds":4,"minecraft:oak_log":35,"minecraft:baked_potato":13,"minecraft:crafting_table":2,"minecraft:cooked_porkchop":8,"minecraft:iron_helmet":2,"minecraft:leather":3,"minecraft:jungle_planks":1,"minecraft:spruce_door":1,"minecraft:coal":104,"minecraft:golden_apple":1,"minecraft:item_frame":1,"minecraft:red_carpet":1,"minecraft:cod":13,"minecraft:stick":11,"minecraft:pufferfish":6,"minecraft:red_bed":1,"minecraft:milk_bucket":2,"naturalist:bass":1,"minecraft:dark_oak_fence":1,"minecraft:melon_slice":13,"minecraft:diamond_helmet":3,"minecraft:iron_leggings":2,"minecraft:pumpkin":5,"minecraft:iron_axe":1,"simplyswords:gold_chakram":3,"minecraft:orange_bed":1,"minecraft:music_disc_stal":1,"minecraft:gold_ingot":6,"minecraft:cyan_carpet":2,"minecraft:tripwire_hook":1,"minecraft:white_wool":2,"minecraft:stone_axe":1,"naturalist:cooked_catfish":1,"minecraft:wheat":12,"minecraft:raw_iron":10,"minecraft:iron_boots":1,"minecraft:oak_planks":1,"naturalist:cooked_bass":1,"minecraft:white_bed":1,"minecraft:carrot":5,"minecraft:salmon":5,"minecraft:chainmail_chestplate":2,"minecraft:hay_block":21,"minecraft:spruce_planks":20,"minecraft:iron_chestplate":1,"minecraft:arms_up_pottery_sherd":2,"minecraft:barrel":2,"minecraft:diamond_boots":1,"minecraft:spruce_slab":1,"minecraft:wooden_pickaxe":1,"minecraft:stone_pickaxe":1},"minecraft:mined":{"minecraft:dark_oak_planks":21,"minecraft:spruce_planks":29,"minecraft:white_bed":4,"minecraft:cyan_stained_glass":2,"minecraft:acacia_log":57,"minecraft:grass_block":17,"minecraft:jungle_planks":6,"minecraft:acacia_slab":3,"minecraft:moss_block":6,"minecraft:spawner":13,"minecraft:hay_block":17,"minecraft:barrel":9,"minecraft:fire":14,"minecraft:acacia_stairs":4,"minecraft:pumpkin":5,"minecraft:dark_oak_stairs":1,"minecraft:bookshelf":23,"minecraft:oak_stairs":1,"minecraft:wet_sponge":6,"minecraft:stone":7,"minecraft:white_wool":7,"minecraft:redstone_wall_torch":1,"minecraft:spruce_slab":4,"minecraft:orange_bed":11,"minecraft:oak_slab":1,"minecraft:acacia_leaves":14,"minecraft:red_bed":1,"minecraft:stone_brick_slab":1,"minecraft:oak_fence":2,"minecraft:crafting_table":2,"minecraft:torch":3,"minecraft:jungle_stairs":1,"minecraft:oak_wood":5,"minecraft:melon":46,"minecraft:chest":2,"minecraft:lectern":1,"minecraft:tall_grass":36,"minecraft:oak_planks":11,"minecraft:wall_torch":12,"minecraft:chain":1,"minecraft:birch_planks":4,"minecraft:dark_oak_slab":1,"minecraft:redstone_torch":1,"minecraft:tnt":2,"minecraft:mangrove_planks":8,"minecraft:grass":28,"minecraft:oak_log":13,"minecraft:sand":182,"minecraft:dirt":69,"minecraft:acacia_planks":7,"minecraft:tripwire_hook":1,"minecraft:polished_blackstone":3,"minecraft:oak_leaves":12,"minecraft:fern":1},"minecraft:killed_by":{"minecraft:pillager":3,"minecraft:vindicator":2,"minecraft:silverfish":3,"minecraft:skeleton":2},"minecraft:killed":{"minecraft:spider":1,"minecraft:vindicator":13,"naturalist:robin":1,"naturalist:boar":3,"minecraft:skeleton":11,"minecraft:silverfish":112,"minecraft:husk":2,"minecraft:pig":1,"naturalist:butterfly":1,"minecraft:hoglin":2,"minecraft:creeper":2,"minecraft:sheep":1,"minecraft:pillager":6,"minecraft:zombie":8,"naturalist:lizard":1,"naturalist:sparrow":1,"minecraft:cow":1},"minecraft:broken":{"minecraft:iron_shovel":1,"minecraft:wooden_axe":1},"minecraft:used":{"minecraft:moss_block":1,"minecraft:iron_shovel":250,"minecraft:melon":40,"minecraft:tropical_fish":1,"minecraft:spruce_slab":4,"minecraft:polished_blackstone":3,"minecraft:chest":1,"minecraft:spruce_planks":61,"minecraft:shield":9,"minecraft:iron_sword":305,"minecraft:iron_chestplate":2,"minecraft:orange_bed":11,"minecraft:torch":30,"minecraft:dirt":71,"minecraft:stone_brick_slab":1,"minecraft:dark_oak_planks":93,"minecraft:wooden_axe":49,"minecraft:iron_axe":201,"minecraft:oak_stairs":1,"minecraft:acacia_slab":3,"minecraft:wet_sponge":6,"minecraft:iron_helmet":1,"simplyswords:diamond_greathammer":9,"minecraft:dark_oak_slab":1,"minecraft:iron_boots":2,"minecraft:barrel":1,"minecraft:hay_block":5,"minecraft:potato":1,"minecraft:enchanted_golden_apple":12,"minecraft:acacia_planks":33,"minecraft:iron_leggings":2,"minecraft:leather_leggings":1,"simplyswords:gold_halberd":3,"minecraft:birch_planks":2,"minecraft:stone_pickaxe":6,"minecraft:mangrove_planks":3,"minecraft:oak_planks":31,"morebows:iron_bow":10,"minecraft:wooden_pickaxe":42,"minecraft:leather_chestplate":1,"minecraft:white_wool":1,"minecraft:oak_leaves":2,"minecraft:golden_apple":13,"minecraft:sand":11,"minecraft:oak_slab":2,"minecraft:tnt":18,"minecraft:crafting_table":9,"minecraft:dark_oak_door":2,"minecraft:white_bed":4,"minecraft:purple_terracotta":1,"minecraft:redstone_torch":9,"minecraft:acacia_stairs":2,"minecraft:iron_pickaxe":14,"minecraft:melon_slice":23,"minecraft:bread":23,"minecraft:suspicious_stew":1,"minecraft:stone_axe":62,"minecraft:wooden_sword":4,"minecraft:chainmail_boots":2},"minecraft:crafted":{"minecraft:wooden_sword":1,"minecraft:oak_planks":200,"simplyswords:diamond_greathammer":1,"minecraft:iron_nugget":18,"minecraft:dark_oak_door":3,"minecraft:bow":1,"minecraft:iron_axe":1,"minecraft:stone_pickaxe":1,"minecraft:chest":1,"morebows:iron_bow":1,"minecraft:dark_oak_planks":100,"minecraft:wheat":81,"minecraft:crafting_table":8,"minecraft:wooden_pickaxe":3,"minecraft:stone_axe":1,"minecraft:bread":32,"minecraft:shield":1,"minecraft:stick":48,"minecraft:iron_pickaxe":1,"minecraft:wooden_axe":3,"minecraft:white_bed":2,"minecraft:acacia_planks":228,"minecraft:torch":60},"minecraft:custom":{"minecraft:mob_kills":174,"minecraft:interact_with_crafting_table":34,"minecraft:open_barrel":95,"minecraft:leave_game":2,"minecraft:time_since_death":54559,"minecraft:damage_resisted":538,"minecraft:climb_one_cm":22016,"minecraft:sprint_one_cm":569174,"minecraft:walk_one_cm":319041,"minecraft:damage_blocked_by_shield":570,"minecraft:drop":99,"minecraft:talked_to_villager":4,"minecraft:play_time":193924,"minecraft:deaths":11,"minecraft:sneak_time":22753,"minecraft:walk_under_water_one_cm":26749,"minecraft:boat_one_cm":188872,"minecraft:jump":3348,"minecraft:interact_with_blast_furnace":1,"minecraft:walk_on_water_one_cm":47249,"minecraft:total_world_time":193924,"minecraft:sleep_in_bed":16,"minecraft:time_since_rest":4068,"minecraft:damage_taken":6056,"minecraft:damage_absorbed":1273,"minecraft:trigger_trapped_chest":1,"minecraft:damage_dealt":14579,"minecraft:swim_one_cm":179210,"minecraft:fly_one_cm":719505,"minecraft:open_chest":80,"minecraft:crouch_one_cm":66741,"minecraft:fall_one_cm":112644,"minecraft:inspect_dispenser":7},"minecraft:picked_up":{"minecraft:wooden_axe":2,"minecraft:crafting_table":11,"minecraft:shelter_pottery_sherd":6,"minecraft:iron_chestplate":5,"minecraft:wheat":27,"minecraft:chainmail_boots":5,"minecraft:nether_brick_fence":1,"minecraft:leather_leggings":2,"minecraft:wooden_pickaxe":1,"minecraft:oak_stairs":1,"minecraft:enchanted_book":3,"minecraft:chain":1,"minecraft:shield":2,"minecraft:string":16,"minecraft:red_bed":2,"minecraft:moss_carpet":2,"minecraft:iron_axe":3,"minecraft:item_frame":3,"minecraft:compass":1,"minecraft:iron_leggings":5,"minecraft:iron_shovel":1,"minecraft:pufferfish":5,"minecraft:cyan_carpet":2,"minecraft:gold_nugget":34,"minecraft:spruce_planks":91,"naturalist:cooked_catfish":3,"minecraft:beef":35,"minecraft:redstone_torch":6,"minecraft:iron_pickaxe":1,"minecraft:spruce_slab":9,"minecraft:lectern":1,"minecraft:melon_slice":194,"minecraft:chest":1,"minecraft:iron_boots":2,"minecraft:stick":66,"minecraft:raw_iron":30,"minecraft:bowl":1,"minecraft:torch":87,"minecraft:acacia_log":57,"minecraft:porkchop":33,"minecraft:carrot":10,"minecraft:dark_oak_planks":48,"minecraft:purple_terracotta":1,"minecraft:tnt":2,"minecraft:orange_bed":14,"minecraft:arrow":45,"minecraft:rotten_flesh":12,"minecraft:cooked_cod":7,"minecraft:tropical_fish":3,"minecraft:pumpkin_pie":16,"minecraft:jungle_stairs":1,"minecraft:diamond_boots":2,"minecraft:shears":1,"minecraft:hay_block":42,"minecraft:stripped_dark_oak_wood":16,"minecraft:gold_ingot":29,"minecraft:polished_blackstone":3,"minecraft:mutton":2,"minecraft:cobblestone":6,"minecraft:cod":6,"minecraft:white_wool":15,"minecraft:wet_sponge":6,"minecraft:leather_chestplate":2,"minecraft:clock":2,"minecraft:feather":2,"minecraft:tripwire_hook":2,"minecraft:salmon":5,"minecraft:leather":10,"minecraft:music_disc_stal":1,"minecraft:filled_map":1,"minecraft:birch_planks":16,"simplyswords:gold_chakram":3,"minecraft:flint":36,"minecraft:chainmail_chestplate":4,"minecraft:oak_log":185,"minecraft:gunpowder":112,"minecraft:dirt":80,"naturalist:bass":1,"minecraft:name_tag":1,"minecraft:birch_pressure_plate":1,"minecraft:red_carpet":1,"minecraft:bone":53,"minecraft:acacia_planks":375,"minecraft:apple":10,"minecraft:gray_carpet":1,"minecraft:wheat_seeds":12,"minecraft:iron_ingot":74,"minecraft:stone_pickaxe":2,"minecraft:diamond_helmet":2,"minecraft:mangrove_planks":8,"minecraft:moss_block":7,"minecraft:acacia_sapling":3,"minecraft:oak_planks":187,"minecraft:arms_up_pottery_sherd":8,"minecraft:iron_sword":9,"minecraft:book":63,"minecraft:oak_slab":2,"minecraft:milk_bucket":1,"minecraft:dark_oak_slab":1,"minecraft:cooked_porkchop":8,"minecraft:pumpkin":6,"minecraft:stone_brick_slab":1,"minecraft:birch_stairs":3,"minecraft:sand":183,"minecraft:jungle_planks":9,"minecraft:melon":106,"minecraft:white_bed":4,"minecraft:acacia_stairs":4,"naturalist:cooked_bass":1,"minecraft:spruce_door":1,"minecraft:orange_wool":5,"minecraft:barrel":5,"minecraft:leather_helmet":1,"minecraft:oak_wood":5,"minecraft:diamond":4,"minecraft:stone_axe":7,"minecraft:iron_helmet":2,"minecraft:crossbow":3,"minecraft:golden_apple":253,"minecraft:bread":322,"minecraft:emerald":82,"minecraft:chainmail_helmet":2,"minecraft:baked_potato":26,"minecraft:oak_sapling":1,"minecraft:acacia_slab":2,"minecraft:ender_pearl":1,"minecraft:dark_oak_fence":3,"minecraft:coal":136,"minecraft:charcoal":7,"minecraft:fishing_rod":4}},"DataVersion":3465}