{"stats":{"minecraft:dropped":{"minecraft:wheat_seeds":2,"minecraft:cooked_chicken":1,"minecraft:cooked_porkchop":6,"minecraft:chicken":3,"minecraft:cobblestone":10,"minecraft:cooked_mutton":3,"minecraft:black_candle":1,"minecraft:wooden_axe":1,"minecraft:oak_sapling":2,"the_bumblezone:honey_bee_leggings_1":1,"minecraft:bone":1},"minecraft:picked_up":{"minecraft:birch_log":12,"minecraft:coarse_dirt":26,"minecraft:crafting_table":6,"minecraft:feather":10,"minecraft:chicken":5,"minecraft:leather":24,"minecraft:birch_planks":23,"minecraft:oak_log":121,"minecraft:cornflower":1,"minecraft:string":9,"minecraft:dirt":181,"minecraft:name_tag":2,"minecraft:bone":4,"minecraft:apple":2,"minecraft:wheat_seeds":23,"minecraft:iron_ingot":4,"minecraft:beef":11,"minecraft:poppy":1,"minecraft:light_gray_wool":1,"minecraft:polished_andesite_slab":3,"minecraft:birch_sapling":2,"minecraft:oak_planks":361,"minecraft:furnace":3,"minecraft:egg":6,"minecraft:raw_iron":15,"minecraft:stick":39,"minecraft:black_candle":2,"minecraft:sheep_spawn_egg":1,"minecraft:cooked_porkchop":7,"minecraft:dandelion":2,"minecraft:porkchop":6,"minecraft:arrow":8,"minecraft:rotten_flesh":7,"minecraft:diamond":1,"minecraft:cow_spawn_egg":1,"minecraft:granite":1,"minecraft:oak_sapling":5,"minecraft:mutton":18,"minecraft:coal":7,"minecraft:white_wool":19,"minecraft:cobblestone":86,"minecraft:oxeye_daisy":1},"minecraft:mined":{"minecraft:dandelion":3,"minecraft:cornflower":1,"minecraft:crafting_table":6,"minecraft:granite":1,"minecraft:grass_block":131,"minecraft:poppy":2,"minecraft:polished_andesite_slab":3,"minecraft:tall_grass":86,"minecraft:cobblestone":2,"minecraft:oak_planks":24,"minecraft:oxeye_daisy":1,"minecraft:coarse_dirt":27,"minecraft:furnace":3,"minecraft:birch_log":12,"minecraft:iron_ore":5,"minecraft:birch_leaves":4,"minecraft:peony":1,"minecraft:grass":102,"minecraft:coal_ore":7,"minecraft:oak_log":121,"minecraft:dirt":40,"minecraft:black_candle":2,"minecraft:stone":65,"minecraft:oak_leaves":27},"minecraft:crafted":{"minecraft:cooked_beef":3,"minecraft:wooden_sword":1,"minecraft:oak_door":3,"minecraft:oak_planks":478,"minecraft:wooden_shovel":1,"minecraft:stone_shovel":3,"minecraft:cooked_porkchop":2,"minecraft:crafting_table":2,"minecraft:cooked_chicken":2,"minecraft:wooden_pickaxe":1,"minecraft:furnace":2,"minecraft:birch_planks":48,"minecraft:stone_axe":3,"minecraft:cooked_mutton":13,"minecraft:air":0,"minecraft:stick":28,"minecraft:stone_pickaxe":2,"minecraft:wooden_axe":1,"minecraft:stone_sword":1},"minecraft:broken":{"minecraft:stone_pickaxe":1,"minecraft:wooden_sword":1,"minecraft:stone_axe":2,"minecraft:stone_shovel":2},"minecraft:killed_by":{"minecraft:zombie":1},"minecraft:custom":{"minecraft:interact_with_furnace":29,"minecraft:mob_kills":44,"minecraft:interact_with_crafting_table":16,"minecraft:open_barrel":2,"minecraft:interact_with_loom":2,"minecraft:leave_game":2,"minecraft:time_since_death":18724,"minecraft:climb_one_cm":4186,"minecraft:time_since_rest":18752,"minecraft:sprint_one_cm":304561,"minecraft:damage_taken":1349,"minecraft:walk_one_cm":193969,"minecraft:drop":13,"minecraft:damage_dealt":5275,"minecraft:swim_one_cm":7395,"minecraft:fly_one_cm":374741,"minecraft:open_chest":5,"minecraft:crouch_one_cm":14736,"minecraft:play_time":95534,"minecraft:deaths":1,"minecraft:sneak_time":4334,"minecraft:walk_under_water_one_cm":738,"minecraft:jump":1937,"minecraft:walk_on_water_one_cm":4507,"minecraft:total_world_time":95534,"minecraft:fall_one_cm":60883},"minecraft:killed":{"minecraft:pig":4,"minecraft:spider":3,"minecraft:sheep":11,"minecraft:skeleton":4,"minecraft:zombie":8,"minecraft:chicken":5,"minecraft:cow":8},"minecraft:used":{"minecraft:cooked_mutton":10,"minecraft:stone_sword":222,"minecraft:cow_spawn_egg":1,"minecraft:stone_shovel":460,"minecraft:birch_planks":7,"the_bumblezone:honey_bee_leggings_1":1,"minecraft:stone_pickaxe":155,"minecraft:oak_planks":452,"minecraft:wooden_pickaxe":45,"minecraft:sheep_spawn_egg":1,"minecraft:wooden_shovel":24,"minecraft:cooked_chicken":1,"minecraft:oak_door":2,"minecraft:dirt":75,"minecraft:crafting_table":8,"minecraft:oak_log":1,"minecraft:wooden_axe":30,"minecraft:apple":2,"minecraft:chicken":1,"minecraft:polished_andesite_slab":3,"minecraft:stone_axe":331,"minecraft:light_gray_wool":1,"minecraft:wooden_sword":61,"minecraft:cobblestone":4,"minecraft:furnace":5,"minecraft:cooked_porkchop":3,"another_furniture:light_blue_sofa":2,"minecraft:black_candle":1,"minecraft:cooked_beef":3,"another_furniture:oak_shelf":2}},"DataVersion":3465}