{
  "minecraft:recipes/decorations/crafting_table": {
    "criteria": {
      "unlock_right_away": "2024-06-09 23:21:04 +0000"
    },
    "done": true
  },
  "minecraft:adventure/adventuring_time": {
    "criteria": {
      "minecraft:taiga": "2024-06-09 23:40:42 +0000",
      "minecraft:birch_forest": "2024-06-09 23:26:50 +0000",
      "minecraft:windswept_hills": "2024-06-09 23:27:14 +0000",
      "minecraft:beach": "2024-06-09 23:39:48 +0000",
      "minecraft:dark_forest": "2024-06-09 23:21:04 +0000",
      "minecraft:river": "2024-06-09 23:22:49 +0000",
      "minecraft:swamp": "2024-06-09 23:57:32 +0000",
      "minecraft:cold_ocean": "2024-06-09 23:39:59 +0000",
      "minecraft:forest": "2024-06-09 23:27:16 +0000",
      "minecraft:ocean": "2024-06-09 23:57:53 +0000",
      "minecraft:windswept_savanna": "2024-06-09 23:30:03 +0000",
      "minecraft:plains": "2024-06-09 23:27:56 +0000"
    },
    "done": false
  },
  "minecraft:recipes/misc/charcoal": {
    "criteria": {
      "has_log": "2024-06-09 23:32:09 +0000"
    },
    "done": true
  },
  "minecraft:recipes/building_blocks/acacia_wood": {
    "criteria": {
      "has_log": "2024-06-09 23:32:09 +0000"
    },
    "done": true
  },
  "minecraft:recipes/building_blocks/acacia_planks": {
    "criteria": {
      "has_log": "2024-06-09 23:32:09 +0000"
    },
    "done": true
  },
  "minecraft:recipes/transportation/mangrove_boat": {
    "criteria": {
      "in_water": "2024-06-09 23:56:30 +0000"
    },
    "done": true
  },
  "minecraft:recipes/transportation/acacia_boat": {
    "criteria": {
      "in_water": "2024-06-09 23:56:30 +0000"
    },
    "done": true
  },
  "minecraft:recipes/transportation/cherry_boat": {
    "criteria": {
      "in_water": "2024-06-09 23:56:30 +0000"
    },
    "done": true
  },
  "minecraft:recipes/transportation/bamboo_raft": {
    "criteria": {
      "in_water": "2024-06-09 23:56:30 +0000"
    },
    "done": true
  },
  "minecraft:recipes/transportation/spruce_boat": {
    "criteria": {
      "in_water": "2024-06-09 23:56:30 +0000"
    },
    "done": true
  },
  "minecraft:recipes/transportation/birch_boat": {
    "criteria": {
      "in_water": "2024-06-09 23:56:30 +0000"
    },
    "done": true
  },
  "minecraft:recipes/transportation/oak_boat": {
    "criteria": {
      "in_water": "2024-06-09 23:56:30 +0000"
    },
    "done": true
  },
  "minecraft:recipes/transportation/jungle_boat": {
    "criteria": {
      "in_water": "2024-06-09 23:56:30 +0000"
    },
    "done": true
  },
  "minecraft:recipes/transportation/dark_oak_boat": {
    "criteria": {
      "in_water": "2024-06-09 23:56:30 +0000"
    },
    "done": true
  },
  "DataVersion": 3465
}